date,rank,name_kr,name_en_clean,symbol,price,quant_score,score_max,badge,beta,value_trap,is_reit,market_cap,t_roe,roic,roa,piotroski_f,analyst_target,analyst_consensus,analyst_count,t_per,price_ffo,t_eps,t_pbr,ev_ebitda,bps,dps,div_yield,buyback_yield,payout_ratio,sh_return,t_pegy,t_fair,graham_target,g_eff,f_per,f_eps,f_pegy,growth,floor_price,f_target
2026-08-07,1,엔비디아,NVIDIA,NVDA,223.96,81,100,🟢 강력 저평가,2.21,false,false,5420000000000.0,114.29,104.67,52.73,6,302.83,Strong Buy,61,34.3,,6.53,27.75,32.53,8.07,1.0,0.45,1.11,4.29,1.56,0.94,228.55,34.43,36.56,22.43,9.9848,0.61,49.81,8.07,349.47
2026-08-07,2,애플,Apple,AAPL,313.33,28,100,🔴 목표가 초과 (고평가 관망),1.09,false,false,4570000000000.0,148.75,101.57,27.08,8,322.82,Buy,46,35.94,,8.72,42.57,26.86,7.36,1.08,0.34,2.13,12.39,2.47,2.36,132.63,38.0,15.21,34.26,9.1457,2.25,12.74,7.36,173.88
2026-08-07,3,알파벳(구글) A,Alphabet,GOOGL,354.3,52,100,🔴 목표가 초과 (고평가 관망),1.24,false,false,4330000000000.0,48.68,24.93,12.96,5,428.04,Strong Buy,64,17.78,,19.93,6.96,24.32,50.9,0.88,0.25,0.56,4.42,0.81,1.0,353.96,151.08,17.76,26.67,13.2846,1.5,16.95,50.91,294.92
2026-08-07,4,알파벳(구글) C,Alphabet,GOOG,353.47,53,100,🔴 목표가 초과 (고평가 관망),1.24,false,false,4330000000000.0,48.68,24.93,12.96,5,421.79,Strong Buy,63,17.73,,19.93,6.76,24.44,50.9,0.88,0.25,0.56,4.42,0.81,1.0,353.96,151.08,17.76,26.19,13.4964,1.47,16.95,52.29,299.62
2026-08-07,5,마이크로소프트,Microsoft,MSFT,499.99,54,100,🟡 목표가 달성 (적정가),1.1,false,false,3710000000000.0,34.04,26.17,14.09,5,563.16,Strong Buy,56,27.85,,17.95,8.39,19.43,59.56,3.64,0.73,0.16,20.28,0.89,1.47,339.08,155.1,18.89,25.41,19.6769,1.35,18.0,59.59,464.62
2026-08-07,6,아마존,Amazon.com,AMZN,274.48,53,100,🔴 목표가 초과 (고평가 관망),1.45,false,false,2960000000000.0,30.56,11.94,6.59,6,324.94,Strong Buy,60,22.07,,12.44,5.37,18.29,51.16,,,-0.88,,-0.88,1.0,275.3,119.66,22.13,29.54,9.2918,1.33,23.01,51.11,235.51
2026-08-07,7,브로드컴,Broadcom,AVGO,427.76,70,100,🟢 저평가,1.47,false,false,2040000000000.0,37.28,24.22,12.12,6,527.88,Strong Buy,48,71.19,,6.01,23.21,50.13,18.43,2.6,0.61,-1.04,43.27,-0.43,2.06,207.77,49.92,34.57,27.14,15.7612,0.79,56.56,18.43,551.64
2026-08-07,8,스페이스X,Space Exploration Technologies,SPCX,133.11,3,30,🔵 Trailing만 검증됨 (Forward 데이터 없음),,false,false,1750000000000.0,,,,3,231.4,Buy,35,,,-2.27,13.79,320.35,9.66,,,-41.79,,-41.79,,,,,55.29,2.4075,,,9.65,
2026-08-07,9,메타(페이스북),Meta Platforms,META,592.1,55,100,🟡 목표가 달성 (적정가),1.24,false,false,1510000000000.0,29.85,25.4,14.59,5,756.95,Strong Buy,62,22.31,,26.54,5.78,13.96,102.52,2.1,0.35,1.08,7.91,1.43,1.66,355.9,247.43,13.41,18.48,32.04,1.38,11.98,102.44,532.13
2026-08-07,10,테슬라,Tesla,TSLA,328.58,6,100,🔴 극단적 고평가 (위험),1.83,true,false,1300000000000.0,4.67,5.46,1.93,5,397.87,Buy,47,340.97,,1.08,14.94,117.09,21.99,,,-0.58,,-0.58,14.36,25.64,23.12,23.74,169.98,1.9331,7.16,24.32,21.99,41.17
2026-08-07,11,버크셔해서웨이 B,Berkshire Hathaway,BRK/B,521.8,40,100,🔴 목표가 초과 (고평가 관망),0.61,false,false,1120000000000.0,12.12,19.28,6.01,4,525.33,Buy,4,13.11,,39.81,1.5,6.56,349.26,,,99.93,,99.93,0.98,531.86,559.32,13.36,24.76,21.0743,1.85,3.36,347.87,347.87
2026-08-07,12,버크셔해서웨이 A,Berkshire Hathaway,BRK/A,780086.0,37,45,🔵 Trailing만 검증됨 (Forward 데이터 없음),0.61,false,false,1120000000000.0,12.12,19.28,6.01,4,764712.0,Hold,4,6.63,,117621.08,1.49,11.95,523889.94,,,99.93,,,,,1177480.9,,25.09,31091.5106,,3.36,523547.65,
2026-08-07,13,일라이릴리,Eli Lilly and,LLY,1185.71,78,100,🟢 저평가,0.51,false,false,1060000000000.0,102.29,42.24,20.36,7,1292.53,Buy,28,39.8,,29.79,31.2,30.84,38.0,6.92,0.58,0.62,22.46,1.2,1.26,937.79,159.59,31.48,28.96,40.943,0.92,30.28,38.0,1433.0
2026-08-07,14,마이크론,Micron Technology,MU,877.57,67,100,🟢 강력 저평가,2.21,false,false,991120000000.0,66.64,67.64,34.87,8,1501.98,Strong Buy,46,19.8,,44.31,9.84,14.17,89.22,0.6,0.07,-0.62,1.2,-0.55,0.57,1526.48,298.25,34.45,6.1,143.8639,0.18,172.39,89.18,2193.93
2026-08-07,15,JP모건체이스,JP Morgan Chase &,JPM,357.52,67,85,🟢 저평가,0.98,false,false,950350000000.0,17.79,,1.36,2,372.65,Buy,23,15.34,,23.3,2.69,,133.01,6.0,1.68,3.57,25.75,5.24,0.96,372.1,264.07,15.97,14.81,24.1404,0.93,10.73,132.91,392.42
2026-08-07,16,월마트,Walmart,WMT,111.85,20,100,🔴 목표가 초과 (고평가 관망),0.61,false,false,890110000000.0,24.13,13.83,6.84,5,137.98,Buy,43,39.37,,2.84,9.44,21.3,11.85,0.99,0.89,0.79,34.85,1.68,2.89,38.68,27.52,13.62,37.57,2.9771,2.76,11.94,11.85,44.46
2026-08-07,17,AMD,Advanced Micro Devices,AMD,483.36,46,100,🔴 목표가 초과 (고평가 관망),2.49,false,false,789070000000.0,10.2,9.77,5.13,8,613.33,Strong Buy,51,123.37,,3.9,11.73,82.0,41.19,,,-1.07,,-1.07,3.64,132.33,60.12,33.93,43.52,11.1066,1.28,72.69,41.21,358.76
2026-08-07,18,비자,Visa,V,362.5,54,100,🟡 목표가 달성 (적정가),0.76,false,false,665410000000.0,61.19,54.82,19.11,5,414.12,Strong Buy,40,30.86,,11.75,19.21,23.84,18.87,2.68,0.74,2.88,22.81,3.62,1.75,206.92,70.63,17.61,25.07,14.4595,1.42,13.99,18.87,318.29
2026-08-07,19,엑슨모빌,ExxonMobil,XOM,153.04,92,100,🟢 강력 저평가,0.17,false,false,629290000000.0,12.58,10.02,5.52,6,168.32,Buy,25,19.73,,7.76,2.43,9.71,63.08,4.12,2.69,3.89,53.12,6.58,0.94,162.8,104.95,20.98,12.63,12.1172,0.6,14.4,62.98,246.31
2026-08-07,20,존슨앤드존슨,Johnson & Johnson,JNJ,259.24,43,100,🔴 목표가 초과 (고평가 관망),0.23,false,false,624740000000.0,25.74,19.92,8.59,7,272.5,Buy,23,30.05,,8.63,7.35,19.27,35.28,5.36,2.07,-0.53,62.13,1.54,2.15,120.65,82.77,13.98,23.08,11.2322,1.65,12.44,35.27,182.68
2026-08-07,21,마스터카드,Mastercard,MA,562.95,56,100,🟡 목표가 달성 (적정가),0.73,false,false,493150000000.0,241.2,93.78,24.06,4,664.39,Strong Buy,41,30.96,,18.18,88.01,23.36,6.4,3.48,0.62,2.35,19.14,2.97,1.61,349.96,51.17,19.25,26.48,21.2594,1.38,16.28,6.4,511.55
2026-08-07,22,인텔,Intel,INTC,101.65,13,65,🔴 실적 역성장/적자 (위험),2.24,true,false,512720000000.0,-10.72,3.42,1.41,6,115.17,Hold,48,,,-2.3,5.86,43.35,17.36,,,-13.28,,-13.28,,,,21.72,60.9,1.6691,2.8,91.7,17.35,31.33
2026-08-07,23,시스코,Cisco Systems,CSCO,121.43,34,100,🔴 목표가 초과 (고평가 관망),1.0,false,false,478610000000.0,25.23,18.98,7.34,6,131.36,Buy,26,40.47,,3.0,9.79,29.59,12.4,1.68,1.38,0.66,56.0,2.05,2.99,40.62,28.93,13.54,25.87,4.6939,1.91,11.49,12.4,73.12
2026-08-07,24,뱅크오브아메리카,Bank of America,BAC,63.17,73,85,🟢 강력 저평가,1.17,false,false,441730000000.0,11.2,,0.97,4,68.77,Buy,24,14.59,,4.33,1.61,,39.34,1.28,2.03,3.72,29.57,5.75,0.68,93.27,61.91,21.54,12.68,4.9819,0.59,15.79,39.24,103.88
2026-08-07,25,애브비,AbbVie,ABBV,246.04,69,85,🟢 저평가,0.28,false,false,434780000000.0,,17.7,10.51,8,273.39,Buy,31,69.51,,3.54,,20.17,-3.36,6.92,2.81,-0.03,195.5,2.79,2.81,87.69,,24.77,16.22,15.1689,0.65,21.98,,393.58
2026-08-07,26,코스트코,Costco Wholesale,COST,947.82,15,100,🔴 극단적 고평가 (위험),0.86,false,false,420340000000.0,29.15,38.44,8.67,7,1077.31,Buy,39,47.67,,19.88,12.55,29.63,75.55,5.88,0.62,0.09,29.58,0.71,4.04,234.58,183.83,11.8,43.25,21.9149,3.67,11.09,75.52,318.46
2026-08-07,27,어플라이드머티어리얼즈,Applied Materials,AMAT,539.14,59,100,🟡 목표가 달성 (적정가),1.62,false,false,428060000000.0,39.69,33.23,14.86,6,629.06,Strong Buy,39,50.71,,10.63,17.9,48.6,30.11,2.12,0.39,2.8,18.62,3.19,1.44,372.05,84.86,35.28,35.68,15.1104,1.01,32.09,30.12,528.86
2026-08-07,28,오라클,Oracle,ORCL,147.02,68,100,🟢 저평가,1.72,false,false,423490000000.0,53.38,11.48,6.51,5,247.17,Buy,44,25.22,,5.83,11.27,18.7,13.04,2.0,1.36,-1.68,34.31,-0.31,0.93,158.28,41.36,27.15,18.26,8.0515,0.67,27.46,13.05,250.91
2026-08-07,29,캐터필러,Caterpillar,CAT,842.19,73,100,🟡 적정가 형성,1.6,false,false,387130000000.0,56.97,18.3,9.03,6,972.95,Buy,28,36.29,,23.21,19.96,27.56,42.19,6.52,0.77,2.67,28.1,3.44,1.29,653.59,148.43,28.16,29.32,28.7241,1.04,24.72,42.19,972.67
2026-08-07,30,GE에어로스페이스,GE Aerospace,GE,370.08,31,100,🔴 목표가 초과 (고평가 관망),1.37,false,false,383980000000.0,48.23,31.03,5.06,5,404.9,Strong Buy,22,43.62,,8.49,21.77,37.22,17.0,1.88,0.51,2.31,19.55,2.82,2.14,172.69,56.99,20.34,44.09,8.3937,2.17,17.52,17.0,213.41
2026-08-07,31,램리서치,Lam Research,LRCX,311.35,78,100,🟢 저평가,1.86,false,false,389600000000.0,65.07,71.41,22.84,6,368.13,Strong Buy,35,54.05,,5.76,31.24,44.92,9.97,1.04,0.33,2.25,18.06,2.59,1.51,201.6,35.95,35.7,32.92,9.4578,0.92,33.11,9.97,331.02
2026-08-07,32,셰브론,Chevron,CVX,186.56,55,100,🟡 목표가 달성 (적정가),0.49,false,false,365960000000.0,12.23,8.12,5.86,6,216.96,Buy,25,17.92,,10.41,1.93,8.04,96.8,7.12,3.82,-12.0,68.38,-8.19,1.49,125.34,150.58,12.04,12.21,15.2793,1.01,20.23,96.66,176.37
2026-08-07,33,팔란티어,Palantir Technologies,PLTR,172.01,20,100,🔴 목표가 초과 (고평가 관망),1.56,false,false,413350000000.0,38.1,363.8,17.29,7,189.9,Buy,32,147.11,,1.17,42.29,151.79,4.07,,,-1.79,,-1.79,4.43,38.86,10.35,33.21,90.47,1.9013,2.72,63.07,4.07,66.55
2026-08-07,34,코카콜라,Coca-Cola,KO,87.05,20,100,🔴 목표가 초과 (고평가 관망),0.34,false,false,374540000000.0,42.05,20.1,9.4,8,94.7,Buy,24,26.16,,3.33,10.36,25.33,8.4,2.12,2.44,0.09,63.71,2.53,2.47,35.23,25.09,10.58,25.61,3.3991,2.42,8.05,8.4,43.78
2026-08-07,35,유나이티드헬스,UnitedHealth Group,UNH,407.08,81,100,🟢 저평가,0.63,false,false,369690000000.0,14.15,10.23,4.38,6,475.23,Buy,27,26.21,,15.53,3.53,15.96,115.36,9.28,2.28,1.47,59.74,3.75,1.28,317.43,200.77,20.44,19.13,21.2797,0.94,16.69,115.32,426.39
2026-08-07,36,홈디포,Home Depot,HD,355.62,20,100,🔴 목표가 초과 (고평가 관망),0.96,false,false,354590000000.0,128.38,20.56,12.52,5,370.34,Buy,36,25.26,,14.08,25.56,16.71,13.92,9.32,2.62,-0.2,66.19,2.42,2.93,121.23,66.41,8.61,23.26,15.2889,2.7,6.19,13.91,160.77
2026-08-07,37,프록터앤드갬블,Procter & Gamble,PG,145.79,20,100,🔴 목표가 초과 (고평가 관망),0.38,false,false,338880000000.0,30.29,21.54,10.72,6,160.7,Buy,25,22.01,,6.62,6.35,15.89,22.95,4.36,2.99,1.3,65.76,4.29,2.59,56.2,58.47,8.49,20.83,6.999,2.45,4.2,22.96,72.64
2026-08-07,38,모건스탠리,Morgan Stanley,MS,216.33,56,100,🟡 목표가 달성 (적정가),1.21,true,false,339760000000.0,17.97,3.43,1.35,3,236.62,Buy,25,17.48,,12.38,3.19,6.81,67.8,4.6,2.13,1.34,37.17,3.47,1.13,191.15,137.43,15.44,16.55,13.0713,1.07,11.97,67.82,198.59
2026-08-07,39,머크,Merck &,MRK,128.58,36,100,🔴 목표가 초과 (고평가 관망),0.21,true,false,317230000000.0,6.96,5.88,11.87,4,136.85,Buy,28,101.02,,1.27,7.57,27.8,16.99,3.4,2.64,1.92,267.12,4.56,9.9,12.95,22.03,10.2,14.92,8.618,1.46,5.64,16.99,80.36
2026-08-07,40,넷플릭스,Netflix,NFLX,74.14,76,100,🟢 저평가,1.51,false,false,308710000000.0,49.54,32.43,16.09,6,94.04,Buy,51,23.36,,3.17,10.24,21.47,7.24,,,1.48,,1.48,1.0,73.92,22.72,23.32,21.4,3.4645,0.92,21.84,7.24,100.99
2026-08-07,41,RTX(레이시온),RTX,RTX,223.03,20,100,🔴 목표가 초과 (고평가 관망),0.29,false,false,300590000000.0,12.27,9.4,4.21,8,230.68,Buy,23,39.26,,5.68,4.53,22.25,49.25,2.92,1.31,-0.9,51.41,0.41,3.35,66.51,79.34,11.71,30.24,7.3753,2.58,11.3,49.23,83.28
2026-08-07,42,골드만삭스,Goldman Sachs Group,GS,1039.61,73,100,🟢 저평가,1.29,true,false,314760000000.0,16.9,2.14,1.07,3,1141.65,Hold,25,16.08,,64.63,2.87,1.95,362.05,20.0,1.92,4.72,27.85,6.65,0.74,1396.01,725.59,21.6,14.9,69.7725,0.69,14.95,362.23,1458.71
2026-08-07,43,필립모리스,Philip Morris International,PM,189.57,33,85,🔴 목표가 초과 (고평가 관망),0.4,false,false,295470000000.0,,29.84,14.59,8,203.8,Buy,16,27.28,,6.95,,18.7,-5.51,5.88,3.1,-0.13,84.61,2.97,2.13,89.1,,12.82,21.77,8.7079,1.7,9.85,,122.8
2026-08-07,44,팔로알토네트웍스,Palo Alto Networks,PANW,363.86,20,45,🔵 Trailing만 검증됨 (Forward 데이터 없음),0.89,true,false,296550000000.0,4.83,3.65,1.77,4,339.4,Buy,55,351.82,,1.15,10.69,135.75,34.03,,,-4.01,,,,,29.67,,92.8,3.9209,,12.99,34.04,
2026-08-07,45,델테크놀로지스,Dell Technologies,DELL,453.77,79,85,🟢 강력 저평가,1.4,false,false,293200000000.0,,23.97,7.0,6,502.78,Buy,27,36.27,,12.51,,22.9,-2.16,2.52,0.56,5.78,18.47,6.33,0.91,437.85,,40.0,24.37,18.62,0.61,35.75,,651.7
2026-08-07,46,GE버노바,GE Vernova,GEV,990.32,47,100,🔴 목표가 초과 (고평가 관망),1.03,false,false,263760000000.0,82.58,41.4,2.54,5,1231.48,Buy,38,28.34,,34.94,22.06,84.89,44.89,2.0,0.2,2.33,5.01,2.53,0.91,1090.48,187.86,31.21,46.53,21.2835,1.49,28.68,44.89,744.92
2026-08-07,47,웰스파고,Wells Fargo &,WFC,87.25,76,85,🟢 강력 저평가,0.92,false,false,263839999999.99997,12.58,,1.08,3,100.02,Buy,26,12.68,,6.88,1.6,,54.43,2.0,2.29,5.98,29.07,8.27,0.61,142.76,91.79,20.75,11.74,7.4319,0.57,12.48,54.53,150.7
2026-08-07,48,텍사스인스트루먼트,Texas Instruments,TXN,286.08,80,100,🟢 저평가,1.33,false,false,261260000000.0,35.18,25.53,13.06,7,324.45,Buy,36,43.46,,6.58,14.5,28.37,19.72,5.68,1.99,0.27,86.28,2.26,1.26,226.42,54.03,34.41,29.56,9.6779,0.86,32.15,19.73,338.73
2026-08-07,49,KLA,KLA,KLAC,198.11,58,100,🟡 목표가 달성 (적정가),1.46,false,false,258839999999.99997,87.5,66.75,20.8,6,230.85,Buy,29,54.13,,3.66,40.78,42.96,4.86,0.92,0.46,1.34,21.86,1.8,1.9,104.27,20.01,28.49,36.36,5.4486,1.28,26.69,4.86,190.7
2026-08-07,50,아리스타네트웍스,Arista Networks,ANET,188.67,37,45,🔵 Trailing만 검증됨 (Forward 데이터 없음),1.61,false,false,237960000000.0,31.48,284.77,14.12,4,240.04,Strong Buy,30,59.71,,3.16,16.08,48.41,11.73,,,0.26,,,,,28.88,,40.65,4.6413,,28.63,11.73,
2026-08-07,51,아메리칸익스프레스,American Express,AXP,340.91,75,100,🟡 적정가 형성,1.05,false,false,230220000000.0,34.38,11.86,3.79,6,375.5,Buy,30,20.7,,16.47,6.71,,50.79,3.8,1.11,2.49,21.49,3.6,1.16,293.17,137.19,17.8,18.38,18.5479,1.03,14.2,50.81,379.48
2026-08-07,52,씨티그룹,Citigroup,C,135.0,71,85,🟢 강력 저평가,1.1,true,false,226450000000.0,8.53,,0.66,2,154.5,Buy,21,14.68,,9.2,1.18,,114.74,2.68,1.99,6.42,29.14,8.4,0.45,300.47,154.11,32.66,11.56,11.6782,0.35,24.26,114.41,337.5
2026-08-07,54,린데,Linde,LIN,489.98,20,100,🔴 목표가 초과 (고평가 관망),0.73,false,false,225870000000.0,18.4,12.37,7.16,5,548.0,Buy,27,31.62,,15.5,5.78,18.86,84.78,6.4,1.31,2.04,41.3,3.35,2.48,197.62,171.95,12.75,26.18,18.7158,2.05,9.4,84.77,245.09
2026-08-07,55,IBM,International Business Machines,IBM,237.28,30,100,🔴 목표가 초과 (고평가 관망),0.71,false,false,223550000000.0,34.46,13.96,5.3,6,244.16,Buy,25,21.1,,11.27,6.49,15.97,36.57,6.76,2.85,-1.26,59.99,1.59,2.33,101.99,96.3,9.05,18.54,12.7983,2.05,7.46,36.56,135.09
2026-08-07,56,암젠,Amgen,AMGN,410.95,20,100,🔴 목표가 초과 (고평가 관망),0.41,false,false,222170000000.0,91.47,19.76,8.67,8,378.31,Buy,34,25.53,,16.09,19.01,16.5,21.62,10.08,2.45,-0.46,62.63,1.99,3.7,111.02,88.47,6.9,17.56,23.4026,2.54,4.91,21.62,196.15
2026-08-07,57,써모피셔사이언티픽,Thermo Fisher Scientific,TMO,594.0,20,100,🔴 목표가 초과 (고평가 관망),0.85,false,false,219630000000.0,13.52,8.84,5.13,4,631.42,Buy,28,31.96,,18.58,4.17,23.28,142.47,1.88,0.32,1.44,10.12,1.76,2.74,216.64,244.05,11.66,22.62,26.2599,1.94,9.9,142.45,297.1
2026-08-07,58,크라우드스트라이크,CrowdStrike,CRWD,214.42,8,65,🔴 실적 역성장/적자 (위험),1.23,true,false,218340000000.0,-0.25,-31.88,-1.0,3,193.13,Buy,53,,,-0.03,47.11,2512.95,4.55,,,-2.29,,-2.29,,,,27.49,164.19,1.3059,5.97,29.78,4.55,30.51
2026-08-07,59,암페놀,Amphenol,APH,169.18,62,100,🟡 적정가 형성,1.25,false,false,208600000000.0,38.12,20.19,14.47,5,198.06,Strong Buy,17,42.32,,4.0,13.46,24.27,12.57,1.0,0.59,-1.55,25.02,-0.96,1.43,118.16,33.63,29.54,28.76,5.8825,0.97,30.5,12.57,205.89
2026-08-07,60,맥도날드,McDonald's,MCD,274.48,24,85,🔴 목표가 초과 (고평가 관망),0.42,false,false,194230000000.0,,18.3,,4,316.06,Buy,34,22.3,,12.31,,16.45,-1.81,7.44,2.71,0.73,60.43,3.44,2.03,134.92,,10.96,20.7,13.2599,1.89,7.52,,152.96
2026-08-07,61,버라이즌,Verizon Communications,VZ,47.06,83,100,🟢 저평가,0.23,false,false,195520000000.0,15.84,8.27,5.05,4,51.56,Buy,26,12.26,,3.84,1.88,8.13,25.01,2.83,6.01,0.33,73.73,6.35,0.93,50.57,46.49,13.17,9.28,5.0711,0.7,6.82,25.03,65.68
2026-08-07,62,T모바일,T-Mobile US,TMUS,177.19,91,100,🟢 강력 저평가,0.33,false,false,190070000000.0,17.99,8.93,5.97,5,243.08,Buy,27,18.58,,9.54,3.38,9.42,52.35,4.08,2.3,3.93,42.78,6.23,0.8,220.66,106.0,23.13,14.15,12.5223,0.61,16.9,52.42,291.7
2026-08-07,63,펩시코,PepsiCo,PEP,139.02,46,100,🔴 목표가 초과 (고평가 관망),0.36,false,false,189750000000.0,51.51,19.38,8.93,5,155.0,Hold,24,18.22,,7.63,8.59,12.41,16.18,5.92,4.26,0.29,77.58,4.55,1.87,74.39,52.7,9.75,15.95,8.716,1.64,5.2,16.18,102.95
2026-08-07,64,찰스슈왑,Charles Schwab,SCHW,107.6,91,100,🟢 강력 저평가,0.75,false,false,186080000000.0,20.27,10.31,2.07,6,125.0,Buy,22,19.6,,5.49,4.23,11.49,25.42,1.28,1.19,3.36,22.4,4.55,0.73,146.75,56.04,26.73,14.89,7.2263,0.56,22.18,25.44,200.05
2026-08-07,65,애보트,Abbott Laboratories,ABT,107.81,33,100,🔴 목표가 초과 (고평가 관망),0.58,false,false,186550000000.0,10.58,7.51,5.33,5,118.42,Buy,27,34.88,,3.09,3.65,19.8,29.54,2.52,2.34,0.08,81.54,2.42,2.99,36.09,45.32,11.68,18.59,5.7994,1.59,9.26,29.54,64.03
2026-08-07,66,산디스크,Sandisk,SNDK,1212.21,37,60,🔵 Trailing만 검증됨 (Forward 데이터 없음),,false,false,180620000000.0,91.64,103.2,43.91,6,2106.64,Buy,23,16.43,,73.76,11.48,13.88,105.61,,,-6.9,,-6.9,,,418.65,,5.71,212.296,,,105.59,
2026-08-07,67,마벨테크놀로지,Marvell Technology,MRVL,218.72,42,100,🔴 목표가 초과 (고평가 관망),2.25,false,false,191550000000.0,16.03,6.87,3.81,6,256.91,Strong Buy,43,75.55,,2.89,10.51,72.2,20.8,0.24,0.11,-1.0,8.29,-0.89,2.21,98.58,36.78,34.11,48.17,4.5406,1.41,48.77,20.81,151.61
2026-08-07,68,아나로그디바이스,Analog Devices,ADI,389.93,72,100,🟢 저평가,1.21,false,false,189930000000.0,9.64,9.13,5.49,6,457.73,Buy,33,58.05,,6.72,5.63,31.98,69.27,4.4,1.13,1.12,65.51,2.25,1.76,221.22,102.34,32.92,27.81,14.0212,0.84,30.67,69.26,436.47
2026-08-07,69,보잉,Boeing,BA,234.42,6,100,🔴 극단적 고평가 (위험),1.22,true,false,185280000000.0,173.54,-12.7,-1.98,6,274.31,Buy,28,87.42,,2.68,30.38,31.54,7.72,,,-8.7,,-8.7,3.32,70.48,21.58,26.3,193.18,1.2135,7.35,88.28,7.72,35.11
2026-08-07,70,월트디즈니,Walt Disney,DIS,104.91,59,100,🟡 목표가 달성 (적정가),1.39,true,false,181150000000.0,8.01,7.11,4.81,5,127.72,Strong Buy,32,21.69,,4.84,1.65,11.66,63.6,1.5,1.43,1.93,31.01,3.36,1.47,71.54,83.22,14.78,13.98,7.5043,0.95,11.42,63.58,102.74
2026-08-07,71,TJX,TJX Companies,TJX,161.36,23,100,🔴 목표가 초과 (고평가 관망),0.62,false,false,178260000000.0,61.25,31.25,13.87,6,177.4,Strong Buy,22,31.38,,5.14,17.14,21.15,9.41,1.92,1.19,1.19,37.34,2.38,2.47,65.38,32.99,12.72,30.49,5.2922,2.4,10.34,9.41,84.15
2026-08-07,72,넥스트에라에너지,NextEra Energy,NEE,84.65,20,100,🔴 목표가 초과 (고평가 관망),0.65,true,false,176560000000.0,11.68,3.17,2.44,4,98.53,Buy,21,19.02,,4.45,3.09,17.96,27.39,2.49,2.95,-1.22,56.02,1.72,1.83,46.37,52.37,10.42,20.56,4.1172,1.97,8.7,27.39,40.09
2026-08-07,73,유니온퍼시픽,Union Pacific,UNP,293.13,45,100,🔴 목표가 초과 (고평가 관망),0.97,false,false,174140000000.0,39.7,16.05,9.27,8,328.75,Buy,25,23.73,,12.35,8.42,16.02,34.81,5.68,1.94,1.5,45.99,3.44,1.78,164.63,98.35,13.33,21.62,13.5583,1.62,9.89,34.81,213.95
2026-08-07,74,블랙록,BlackRock,BLK,1136.39,30,100,🔴 목표가 초과 (고평가 관망),1.42,false,false,184640000000.0,12.28,11.51,3.74,5,1313.5,Buy,17,27.17,,41.83,3.06,20.89,371.7,22.92,2.02,-6.57,54.79,-4.55,2.42,469.75,591.47,11.23,19.06,59.6217,1.7,15.78,371.37,651.61
2026-08-07,75,웰타워,Welltower,WELL,236.92,17,65,🔵 Trailing만 검증됨 (Forward 데이터 없음),0.76,true,true,170760000000.0,3.84,1.25,0.82,5,255.59,Buy,22,107.39,71.69,2.21,3.67,63.37,64.56,3.4,1.44,-11.09,154.11,-9.65,,,56.66,,85.04,2.786,,,64.56,
2026-08-07,76,퀄컴,QUALCOMM,QCOM,167.86,31,100,🔴 목표가 초과 (고평가 관망),1.66,false,false,179280000000.0,33.75,25.56,11.61,5,196.27,Hold,37,19.53,,8.59,6.42,15.79,26.17,3.68,2.19,3.65,42.82,5.84,2.32,72.24,71.12,8.41,18.01,9.3204,2.14,2.57,26.15,97.98
2026-08-07,77,디어,Deere &,DE,620.83,29,100,🔴 목표가 초과 (고평가 관망),0.9,true,false,167590000000.0,18.35,5.93,3.83,6,648.03,Buy,24,35.18,,17.65,6.11,19.72,101.53,6.48,1.04,0.84,36.72,1.89,1.99,311.35,200.8,17.64,31.25,19.8666,1.77,15.75,101.61,349.82
2026-08-07,78,길리어드사이언스,Gilead Sciences,GILD,133.21,14,65,🔴 실적 역성장/적자 (위험),0.34,true,false,165170000000.0,-20.68,34.37,14.09,5,157.41,Buy,29,,,-2.61,13.98,709.27,9.53,3.28,2.46,1.39,,3.85,,,,12.98,14.55,9.1553,1.12,9.13,9.53,118.84
2026-08-07,79,AT&T,AT&T,T,23.79,94,100,🟢 강력 저평가,0.42,false,false,163020000000.0,18.34,8.89,4.16,6,28.71,Buy,25,7.84,,3.02,1.48,6.77,16.06,1.11,4.67,2.15,36.7,6.81,0.44,53.79,33.03,17.81,9.89,2.4055,0.56,11.0,16.07,43.29
2026-08-07,80,서던코퍼,Southern Copper,SCCO,199.06,20,100,🔴 목표가 초과 (고평가 관망),1.14,false,false,166080000000.0,49.9,41.17,25.71,6,168.25,Sell,18,29.6,,6.73,13.39,16.95,14.86,4.4,2.21,-1.65,59.09,0.56,2.67,74.64,47.44,11.09,27.71,7.1837,2.5,10.53,14.87,99.58
2026-08-07,81,부킹홀딩스,Booking,BKNG,214.42,71,85,🟢 저평가,1.07,false,false,161110000000.0,,92.45,20.38,6,237.81,Buy,38,23.7,,9.05,,16.69,-14.23,1.68,0.78,4.16,18.57,4.94,1.11,192.86,,21.31,19.25,11.1387,0.9,16.37,,261.1
2026-08-07,82,웨스턴디지털,Western Digital,WDC,434.3,66,100,🟢 저평가,2.22,false,false,149700000000.0,130.85,53.03,20.63,6,662.13,Buy,26,17.89,,24.28,17.15,30.9,25.33,0.6,0.14,-6.69,2.27,-6.55,0.63,690.77,117.63,28.45,21.6,20.1065,0.76,64.28,25.32,703.73
2026-08-07,83,세일즈포스,Salesforce,CRM,192.74,85,100,🟢 저평가,1.15,false,false,157850000000.0,16.91,11.07,5.7,6,241.72,Buy,53,22.37,,8.61,4.61,12.79,41.8,1.76,0.91,4.02,20.43,4.93,1.26,152.31,89.99,17.69,13.84,13.9263,0.78,12.76,41.81,247.64
2026-08-07,84,화이자,Pfizer,PFE,26.76,10,65,🔴 실적 역성장/적자 (위험),0.28,true,false,152520000000.0,5.01,13.49,5.78,7,28.64,Buy,28,35.18,,0.76,1.79,18.93,14.95,1.72,6.43,-0.34,226.35,6.09,,,15.99,-2.54,9.64,2.7759,,-8.63,14.95,
2026-08-07,85,인터아크티브브로커스그룹,Interactive Brokers Group,IBKR,87.83,30,100,🔴 목표가 초과 (고평가 관망),1.34,false,false,39790000000.0,24.02,8.03,2.28,4,106.3,Buy,12,34.88,,2.52,6.7,,13.1,0.35,0.4,-1.99,13.9,-1.6,2.18,40.32,27.25,16.0,29.64,2.9632,1.85,17.6,13.11,50.43
2026-08-07,86,우버,Uber Technologies,UBER,75.02,86,100,🟢 강력 저평가,1.15,false,false,153230000000.0,37.16,19.18,6.88,5,101.39,Buy,50,16.37,,4.58,5.6,21.14,13.39,,,2.28,,2.28,0.49,151.92,37.15,33.17,17.97,4.1747,0.54,30.89,13.4,146.11
2026-08-07,87,코노코필립스,ConocoPhillips,COP,117.61,80,100,🟢 저평가,0.12,false,false,141290000000.0,14.18,11.63,7.53,6,142.63,Buy,25,15.63,,7.53,2.16,6.22,54.4,3.36,2.86,-0.27,44.64,2.59,0.87,135.46,96.0,17.99,12.11,9.7118,0.67,15.4,54.45,172.34
2026-08-07,88,다나허,Danaher,DHR,204.76,20,100,🔴 목표가 초과 (고평가 관망),0.8,true,false,143940000000.0,7.6,6.44,3.95,5,227.96,Buy,26,36.47,,5.63,2.74,21.87,74.81,1.6,0.78,1.87,25.56,2.65,2.99,68.74,97.35,12.21,23.14,8.8487,1.9,9.56,74.73,99.49
2026-08-07,89,코닝,Corning,GLW,165.68,45,100,🔴 목표가 초과 (고평가 관망),1.15,false,false,142710000000.0,16.81,11.27,5.37,7,191.4,Buy,16,76.43,,2.17,11.95,37.08,13.86,1.12,0.68,-0.8,51.67,-0.13,2.36,70.37,26.01,32.43,44.75,3.7023,1.38,32.56,13.86,120.68
2026-08-07,90,캐피탈원,Capital One Financial,COF,217.76,19,50,🔵 Trailing만 검증됨 (Forward 데이터 없음),1.02,false,false,133590000000.0,9.03,,1.52,4,256.95,Buy,24,13.96,,16.19,1.3,,167.86,3.2,1.47,-52.31,19.76,-50.84,,,247.28,-37.97,9.91,21.9738,,12.87,167.51,
2026-08-07,91,파커해니핀,Parker-Hannifin,PH,1073.87,54,65,🔵 Trailing만 검증됨 (Forward 데이터 없음),1.13,false,false,135400000000.0,25.08,15.72,9.59,8,1133.59,Buy,25,37.71,,28.48,8.79,25.74,122.16,8.0,0.75,1.61,28.09,2.36,,,279.79,,30.9,34.7531,,,122.17,
2026-08-07,92,록히드마틴,Lockheed Martin,LMT,587.95,86,100,🟢 저평가,0.11,false,false,135690000000.0,89.16,27.42,8.64,7,629.53,Hold,21,21.66,,27.14,15.42,14.06,38.12,13.8,2.35,1.97,50.85,4.31,0.98,602.51,152.57,22.2,18.99,30.961,0.86,17.89,38.13,859.17
2026-08-07,93,인튜이티브서지컬,Intuitive Surgical,ISRG,378.81,25,100,🔴 목표가 초과 (고평가 관망),1.46,false,false,133830000000.00002,17.42,21.89,10.51,6,477.25,Buy,33,43.44,,8.72,7.38,30.29,51.34,,,1.11,,1.11,2.68,141.53,100.36,16.23,33.53,11.2976,2.07,15.12,51.33,201.07
2026-08-07,94,브리스톨마이어스스퀴브,Bristol-Myers Squibb,BMY,64.72,11,65,🔴 실적 역성장/적자 (위험),0.22,false,false,132199999999.99998,46.6,21.68,10.72,7,66.21,Buy,28,14.25,,4.54,5.92,11.13,10.92,2.52,3.89,-0.47,55.47,3.43,27.94,10.93,33.4,0.51,10.09,6.4143,19.78,-2.92,10.93,10.93
2026-08-07,95,프로로지스,Prologis,PLD,140.16,5,100,🔴 극단적 고평가 (위험),1.32,true,true,135900000000.0,7.75,3.98,2.52,6,158.31,Buy,17,31.21,20.81,4.49,2.44,27.31,57.51,4.28,3.05,-0.33,95.31,2.72,7.14,19.62,76.22,4.37,40.92,3.4252,9.36,1.65,57.44,13.64
2026-08-07,96,스트라이커,Stryker,SYK,339.03,30,100,🔴 목표가 초과 (고평가 관망),0.77,false,false,130039999999.99998,16.51,12.52,8.16,7,382.04,Buy,28,35.13,,9.65,5.42,21.02,62.54,3.52,1.04,-0.05,36.48,0.99,2.94,115.22,116.53,11.94,21.13,16.045,1.77,10.95,62.55,193.38
2026-08-07,97,프로그레시브,Progressive,PGR,215.33,11,65,🔴 실적 역성장/적자 (위험),0.26,false,false,125190000000.0,34.94,28.7,7.84,4,229.78,Hold,25,10.81,,19.93,3.64,8.66,59.09,0.4,0.19,0.14,2.01,0.32,,,162.78,-3.66,13.33,16.1538,,-3.98,59.16,
2026-08-07,98,CVS헬스,CVS Health,CVS,95.7,67,100,🟢 저평가,0.6,true,false,122400000000.0,6.21,7.17,2.97,7,115.8,Strong Buy,27,25.08,,3.82,1.53,14.42,62.36,2.66,2.78,-1.19,69.7,1.59,1.76,54.51,73.21,14.27,11.84,8.0828,0.83,12.68,62.55,105.49
2026-08-07,99,버텍스파마슈티컬스,Vertex Pharmaceuticals,VRTX,496.07,30,100,🔴 목표가 초과 (고평가 관망),0.3,false,false,125730000000.0,23.54,28.8,11.93,5,559.28,Buy,29,28.87,,17.18,6.21,22.82,79.92,,,0.85,,0.85,2.39,207.71,175.76,12.09,25.01,19.8349,2.07,11.24,79.88,281.87
2026-08-07,100,로우스,Lowe's Companies,LOW,223.35,28,85,🔴 목표가 초과 (고평가 관망),0.85,false,false,125230000000.0,,22.48,12.79,5,262.91,Buy,35,18.88,,11.83,,13.31,-16.52,5.0,2.24,0.89,42.27,3.12,1.96,113.92,,9.63,17.57,12.712,1.82,6.51,,133.1
2026-08-07,101,서비스나우,ServiceNow,NOW,124.88,45,100,🔴 목표가 초과 (고평가 관망),0.93,false,false,129110000000.00002,14.24,10.28,4.25,4,140.25,Strong Buy,49,78.02,,1.6,10.32,38.27,12.11,,,0.4,,0.4,3.83,32.59,20.88,20.37,27.56,4.5312,1.35,19.97,12.1,90.56
2026-08-07,102,스타벅스,Starbucks,SBUX,105.58,31,85,🔴 목표가 초과 (고평가 관망),0.97,false,false,120340000000.0,,13.67,8.02,7,112.23,Buy,36,60.64,,1.74,,29.97,-6.73,2.48,2.35,-0.32,142.45,2.03,2.7,39.05,,22.44,35.81,2.9483,1.6,20.41,,67.08
2026-08-07,103,S&P글로벌,S&P Global,SPGI,408.19,30,100,🔴 목표가 초과 (고평가 관망),1.07,false,false,120320000000.0,14.25,11.13,7.03,6,516.95,Strong Buy,24,24.86,,16.42,3.82,15.78,106.86,3.88,0.95,2.79,23.63,3.74,1.98,206.56,198.69,12.58,21.6,18.8977,1.72,8.84,106.86,234.1
2026-08-07,104,포티네트,Fortinet,FTNT,159.64,24,100,🔴 목표가 초과 (고평가 관망),1.06,false,false,117130000000.0,117.44,57.89,14.17,5,160.86,Hold,44,56.41,,2.83,75.5,38.28,2.11,,,3.4,,3.4,2.94,54.28,11.59,19.18,45.55,3.5047,2.37,15.78,2.11,84.03
2026-08-07,105,호메트아어오스파스,Howmet Aerospace,HWM,281.88,38,100,🔴 목표가 초과 (고평가 관망),1.21,false,false,112410000000.0,34.73,22.99,12.82,6,328.93,Strong Buy,22,60.79,,4.64,19.67,41.64,14.33,0.56,0.2,1.1,10.78,1.3,2.4,117.48,38.68,25.32,48.71,5.7869,1.92,24.02,14.33,181.92
2026-08-07,106,알트리아,Altria Group,MO,68.35,68,85,🟡 적정가 형성,0.5,false,false,114130000000.0,,46.1,29.55,7,70.64,Hold,14,14.4,,4.75,,12.16,-1.6,4.24,6.2,1.0,89.34,7.21,1.3,52.58,,11.07,11.86,5.7631,1.07,3.86,,70.18
2026-08-07,107,앱러빈,Applovin,APP,346.8,39,45,🔵 Trailing만 검증됨 (Forward 데이터 없음),2.53,false,false,116060000000.0,203.69,132.73,46.46,7,560.83,Buy,32,26.66,,13.01,36.76,21.49,9.43,,,1.81,,,,,52.54,,18.89,18.3589,,36.21,9.43,
2026-08-07,108,뉴몬트,Newmont,NEM,112.98,95,100,🟢 강력 저평가,0.5,false,false,118720000000.0,25.91,27.93,15.75,8,129.27,Buy,23,14.3,,7.9,3.39,6.92,33.28,1.04,0.92,3.94,13.16,4.86,0.62,183.12,76.91,23.18,11.21,10.0785,0.48,18.32,33.33,280.13
2026-08-07,109,스노우플레이크,Snowflake,SNOW,330.49,9,65,🔴 실적 역성장/적자 (위험),1.32,true,false,114550000000.0,-54.87,-16.48,-9.68,4,302.29,Strong Buy,51,,,-3.51,59.05,,5.6,,,-2.47,,-2.47,,,,32.53,156.09,2.1173,4.8,43.43,5.6,58.54
2026-08-07,110,오토마티크데이터프로세싱,Automatic Data Processing,ADP,271.32,47,100,🔴 목표가 초과 (고평가 관망),0.82,false,false,107790000000.0,72.24,60.49,6.25,6,286.67,Hold,18,24.8,,10.94,17.9,17.45,15.16,6.8,2.51,1.32,62.16,3.83,1.87,145.17,61.09,13.27,22.14,12.2547,1.67,9.44,15.16,203.27
2026-08-07,111,메드트로닉,Medtronic,MDT,87.16,45,100,🔴 목표가 초과 (고평가 관망),0.57,false,false,111570000000.0,9.84,8.25,4.92,6,98.44,Buy,29,23.37,,3.73,2.26,13.94,38.64,2.88,3.3,0.14,77.21,3.44,2.06,42.34,56.95,11.35,14.65,5.9495,1.29,7.91,38.57,63.7
2026-08-07,112,더뱅크오브뉴요크메론,The Bank of New York Mellon,BNY,157.61,67,85,🟢 저평가,1.05,false,false,106940000000.0,14.12,,1.26,3,167.33,Buy,16,18.4,,8.57,2.68,,58.82,2.12,1.35,3.97,25.92,5.31,0.89,176.88,106.5,20.64,16.4,9.6104,0.79,15.33,58.81,195.88
2026-08-07,113,서던컴퍼니,Southern,SO,92.69,20,100,🔴 목표가 초과 (고평가 관망),0.33,true,false,106630000000.0,11.48,4.47,3.27,5,100.93,Hold,24,22.32,,4.15,2.69,13.24,34.4,3.04,3.28,-1.58,73.19,1.7,2.38,38.84,56.68,9.36,20.0,4.6345,2.14,7.66,34.46,40.71
2026-08-07,114,버티브,Vertiv,VRT,272.4,59,100,🟡 적정가 형성,2.08,false,false,104870000000.0,43.94,37.58,10.89,5,338.15,Strong Buy,28,61.65,,4.42,22.04,41.03,12.36,0.25,0.09,-1.06,5.09,-0.97,1.81,150.41,35.06,34.03,34.94,7.7962,1.03,40.12,12.36,272.87
2026-08-07,115,맥케슨,McKesson,MCK,869.58,61,85,🟡 적정가 형성,0.31,false,false,101380000000.0,,31.75,4.74,6,983.33,Buy,17,23.2,,37.48,,14.87,-36.55,3.76,0.43,3.37,10.03,3.8,1.32,656.27,,17.51,18.8,46.2543,1.07,13.71,,890.9
2026-08-07,116,제너럴다이내믹스,General Dynamics,GD,392.05,21,100,🔴 목표가 초과 (고평가 관망),0.33,false,false,105910000000.0,17.8,14.6,6.08,7,417.98,Buy,24,23.91,,16.4,3.95,16.82,99.3,6.36,1.62,0.3,38.79,1.92,2.18,179.58,191.42,10.95,22.35,17.5414,2.04,9.03,99.25,199.7
2026-08-07,117,에퀴닉스,Equinix,EQIX,1042.62,13,100,🔴 극단적 고평가 (위험),0.97,true,true,102880000000.0,10.73,5.61,3.68,4,1225.76,Buy,32,67.05,,15.55,7.15,28.97,145.76,20.64,1.98,-1.41,132.74,0.57,4.87,214.28,225.83,13.78,59.32,17.5762,4.3,13.21,145.82,227.26
2026-08-07,118,어도비,Adobe,ADBE,265.21,94,100,🟢 강력 저평가,1.4,false,false,105420000000.0,62.95,60.74,19.93,7,269.61,Hold,40,15.17,,17.48,9.19,10.85,28.87,,,5.84,,5.84,0.76,350.65,106.56,20.06,10.23,25.9247,0.51,14.22,28.86,650.06
2026-08-07,119,PNC파이낸셜,PNC Financial Services Group,PNC,252.56,62,85,🟢 저평가,0.9,false,false,100760000000.0,12.62,,1.31,4,277.73,Buy,22,13.9,,18.17,1.74,,145.51,8.0,3.17,-0.25,39.08,2.92,0.89,285.09,243.9,15.69,12.35,20.4502,0.79,12.77,145.15,313.64
2026-08-07,120,클라우드플레어,Cloudflare,NET,300.27,7,65,🔴 실적 역성장/적자 (위험),1.66,true,false,106920000000.0,-14.43,-2.51,-2.05,3,327.42,Buy,34,,,-0.59,65.97,,4.55,,,-2.02,,-2.02,,,,32.98,203.27,1.4772,6.16,35.14,4.55,41.41
2026-08-07,121,크완타서비시스,Quanta Services,PWR,671.86,44,100,🔴 목표가 초과 (고평가 관망),1.22,false,false,101010000000.0,15.34,10.02,5.23,5,766.97,Buy,30,76.91,,8.74,10.48,34.93,64.14,0.44,0.07,-0.82,5.04,-0.75,2.91,231.17,112.31,26.45,36.83,18.2422,1.39,27.2,64.11,476.38
2026-08-07,122,블랙스톤,Blackstone,BX,137.13,54,100,🟡 목표가 달성 (적정가),1.55,false,false,170560000000.0,31.37,17.33,14.33,6,142.38,Buy,23,30.7,,4.47,12.17,22.39,11.27,4.74,3.46,-1.95,117.08,1.51,1.96,70.13,33.67,15.69,21.37,6.4169,1.36,14.18,11.27,120.25
2026-08-07,123,US뱅코프,U.S. Bancorp,USB,63.94,64,85,🟢 저평가,0.98,false,false,99620000000.0,12.62,,1.16,4,70.32,Buy,22,12.76,,5.01,1.64,,38.92,2.08,3.25,0.35,41.51,3.61,0.87,73.65,66.24,14.7,11.71,5.4603,0.8,11.09,38.99,78.46
2026-08-07,124,프리포트맥모란,Freeport-McMoRan,FCX,69.62,79,100,🟢 강력 저평가,1.38,false,false,99980000000.0,14.75,12.68,7.58,5,71.73,Buy,23,34.12,,2.04,4.97,11.71,14.0,0.6,0.86,0.09,29.41,0.95,0.95,71.4,25.35,35.95,20.63,3.3747,0.57,35.32,14.01,118.11
2026-08-07,125,듀크에너지,Duke Energy,DUK,124.85,20,100,🔴 목표가 초과 (고평가 관망),0.37,true,false,97350000000.0,9.86,3.83,2.84,6,137.74,Buy,23,18.8,,6.66,1.81,11.13,68.95,4.34,3.48,-0.39,65.15,3.09,1.91,65.47,101.65,9.83,18.31,6.8187,1.86,6.74,68.98,62.01
2026-08-07,126,CME그룹,CME Group,CME,263.66,26,100,🔴 목표가 초과 (고평가 관망),0.27,false,false,94810000000.0,15.8,12.16,1.48,4,283.93,Buy,16,22.36,,11.79,3.57,20.33,73.82,11.35,4.3,-0.31,95.82,4.0,1.94,136.06,139.94,11.54,21.22,12.4251,1.84,7.54,73.85,143.39
2026-08-07,127,콘스테라션에너지,Constellation Energy,CEG,269.89,41,100,🔴 목표가 초과 (고평가 관망),1.12,false,false,95620000000.0,15.05,7.43,3.89,4,349.96,Buy,23,26.13,,10.33,3.0,14.47,90.0,1.71,0.63,-6.85,16.52,-6.21,1.7,159.08,144.63,15.4,22.25,12.1299,1.44,21.61,89.96,182.07
2026-08-07,128,씨에스엑스,CSX,CSX,50.27,55,100,🟡 목표가 달성 (적정가),1.21,false,false,93120000000.0,24.36,12.4,7.38,7,53.14,Buy,25,29.06,,1.73,6.61,16.77,7.6,0.56,1.11,2.28,32.38,3.4,1.5,33.51,17.2,19.37,23.47,2.1419,1.21,15.97,7.61,45.09
2026-08-07,129,메리어트,Marriott International,MAR,353.91,34,85,🔴 목표가 초과 (고평가 관망),1.12,false,false,92290000000.0,,16.29,9.76,7,380.13,Buy,26,36.7,,9.64,,22.12,-17.28,2.92,0.83,3.73,30.28,4.56,1.98,178.53,,18.52,28.83,12.2758,1.56,13.96,,235.46
2026-08-07,130,케이던스,Cadence Design Systems,CDNS,339.24,20,100,🔴 목표가 초과 (고평가 관망),1.14,false,false,93420000000.0,23.23,17.23,10.61,5,403.67,Strong Buy,25,67.44,,5.03,13.62,45.17,24.9,,,-0.17,,-0.17,4.28,79.27,53.09,15.76,39.52,8.584,2.51,15.93,24.91,150.96
2026-08-07,131,3M,3M,MMM,182.9,51,100,🔴 목표가 초과 (고평가 관망),1.08,false,false,94330000000.0,81.89,36.58,8.74,6,181.85,Buy,18,32.53,,5.62,31.95,16.99,5.72,3.12,1.71,2.53,55.5,4.24,2.5,73.23,26.89,13.03,19.86,9.2095,1.52,8.79,5.72,150.0
2026-08-07,132,두다시,DoorDash,DASH,216.26,50,100,🔴 목표가 초과 (고평가 관망),1.77,true,false,93700000000.0,8.89,10.57,2.97,6,250.77,Buy,44,113.56,,1.9,9.44,51.01,22.9,,,0.7,,0.7,3.97,54.3,31.29,28.58,33.7,6.4172,1.18,27.88,22.91,173.61
2026-08-07,133,KKR,KKR &,KKR,102.81,39,85,🟢 저평가,1.79,true,false,92290000000.0,,3.75,,1,126.53,Buy,22,32.81,,3.13,3.27,54.06,31.43,0.78,0.76,-1.88,24.9,-1.12,1.68,61.0,47.05,19.49,15.33,6.7065,0.79,20.61,31.44,126.21
2026-08-07,134,마시,Marsh,MRSH,191.65,48,100,🔴 목표가 초과 (고평가 관망),0.58,false,false,91460000000.0,25.9,14.52,7.24,5,205.52,Hold,23,23.46,,8.17,6.03,15.47,31.77,3.96,2.07,1.31,48.47,3.38,1.97,97.39,76.42,11.92,17.47,10.9702,1.47,8.54,31.78,146.46
2026-08-07,135,몬스터베버아지,Monster Beverage,MNST,90.36,20,100,🔴 목표가 초과 (고평가 관망),0.52,false,false,88510000000.0,25.7,36.31,17.48,7,98.13,Buy,26,41.83,,2.16,9.45,30.33,9.56,,,-0.51,,-0.51,3.15,28.66,21.55,13.27,36.74,2.4594,2.77,13.78,9.56,39.07
2026-08-07,136,와스트매니지먼트,Waste Management,WM,227.68,21,100,🔴 목표가 초과 (고평가 관망),0.44,false,false,91010000000.0,29.84,11.64,6.57,7,260.84,Buy,28,32.21,,7.07,9.18,18.9,24.81,3.78,1.66,-0.03,53.47,1.64,2.71,84.13,62.82,11.9,26.67,8.5369,2.24,10.26,24.8,115.5
2026-08-07,137,에어비앤비,Airbnb,ABNB,178.07,56,100,🟡 목표가 달성 (적정가),1.14,false,false,104990000000.0,34.54,16.81,6.14,6,172.17,Buy,45,40.29,,4.42,13.47,34.85,13.22,,,3.86,,3.86,1.65,108.2,36.26,24.48,32.18,5.5336,1.31,20.62,13.22,161.21
2026-08-07,138,컴캐스트,Comcast,CMCSA,25.36,11,65,🔴 실적 역성장/적자 (위험),0.65,false,false,89990000000.0,11.49,8.15,4.31,6,30.08,Hold,28,8.21,,3.09,1.0,5.07,25.31,1.32,5.21,4.74,42.73,9.95,1.23,25.36,41.95,6.66,7.21,3.5173,1.08,-3.29,25.36,25.36
2026-08-07,139,쿠민스,Cummins,CMI,644.26,67,100,🟡 적정가 형성,1.25,false,false,88690000000.0,21.11,15.66,7.0,6,757.52,Buy,21,32.93,,19.56,6.9,18.56,93.32,8.8,1.37,-0.36,44.98,1.0,1.62,397.26,202.66,20.31,19.4,33.2093,0.96,19.31,93.37,729.52
2026-08-07,140,HCA헬스케어,HCA Healthcare,HCA,413.36,75,85,🟢 저평가,1.11,false,false,89490000000.0,,21.8,12.29,7,453.38,Buy,25,13.84,,29.87,,8.89,-30.47,3.12,0.75,8.97,10.44,9.73,0.8,517.35,,17.32,13.47,30.6875,0.78,7.59,,574.93
2026-08-07,141,셔윈윌리엄스,Sherwin-Williams,SHW,369.73,21,100,🔴 목표가 초과 (고평가 관망),1.09,false,false,89230000000.0,65.12,16.39,9.52,5,390.1,Buy,25,34.11,,10.84,23.15,21.95,15.97,3.2,0.87,1.78,29.52,2.65,2.75,134.63,62.41,12.42,28.98,12.7581,2.33,9.77,15.97,188.02
2026-08-07,142,인튜이트,Intuit,INTU,325.25,83,100,🟢 저평가,0.96,false,false,88970000000.0,22.5,20.63,9.47,8,456.47,Buy,35,19.89,,16.35,4.32,13.54,75.21,4.8,1.48,1.15,29.36,2.62,1.12,291.19,166.34,17.81,12.15,26.7695,0.68,15.19,75.29,542.03
2026-08-07,143,윌리엄스,Williams Companies,WMB,70.4,27,100,🔴 목표가 초과 (고평가 관망),0.62,false,false,86110000000.0,21.5,7.95,5.03,6,84.7,Buy,22,28.05,,2.51,6.54,16.69,10.76,2.1,2.98,-0.17,83.67,2.81,1.8,39.18,24.65,15.61,29.51,2.3856,1.89,12.8,10.76,38.66
2026-08-07,144,UPS,United Parcel Service,UPS,104.5,81,100,🟡 적정가 형성,1.04,false,false,88910000000.0,29.6,16.48,7.23,6,115.85,Buy,29,19.43,,5.38,5.9,10.82,17.71,6.56,6.28,0.12,121.95,6.4,1.46,71.45,46.3,13.28,13.44,7.7753,1.01,6.88,17.71,121.15
2026-08-07,145,에머슨일렉트릭,Emerson Electric,EMR,158.26,26,100,🔴 목표가 초과 (고평가 관망),1.23,false,false,88280000000.0,12.8,11.38,6.9,8,170.07,Buy,29,34.63,,4.57,4.33,16.22,36.53,2.22,1.4,0.94,48.56,2.34,2.78,56.94,61.29,12.46,22.45,7.0494,1.8,10.12,36.55,85.74
2026-08-07,146,발레로에너지,Valero Energy,VLO,298.31,96,100,🟢 강력 저평가,0.55,false,false,85890000000.0,27.64,25.15,10.56,7,309.79,Buy,20,12.47,,23.93,3.44,6.75,86.83,4.8,1.61,4.6,20.06,6.21,0.42,708.09,216.22,29.59,7.82,38.1471,0.26,23.38,86.72,745.77
2026-08-07,147,뢰알카리빈크루세스,Royal Caribbean Cruises,RCL,320.0,71,100,🟡 적정가 형성,1.78,false,false,85580000000.0,44.67,15.54,7.68,5,349.44,Buy,29,19.74,,16.21,8.36,15.64,38.27,6.0,1.88,1.63,30.84,3.51,1.13,284.16,118.14,17.53,16.97,18.8568,0.97,14.02,38.28,389.9
2026-08-07,148,엘리번스헬스,Elevance Health,ELV,394.2,35,100,🔴 목표가 초과 (고평가 관망),0.69,false,false,85490000000.0,11.13,8.46,3.83,6,449.1,Buy,22,17.54,,22.47,1.9,16.06,206.99,6.88,1.75,3.64,30.61,5.39,1.88,209.65,323.49,9.33,14.55,27.0928,1.56,3.94,207.47,240.84
2026-08-07,149,일리노이툴웍스,Illinois Tool Works,ITW,296.66,33,100,🔴 목표가 초과 (고평가 관망),1.01,false,false,84490000000.0,104.62,29.32,16.92,7,298.48,Hold,16,26.86,,11.04,29.19,19.59,10.16,6.44,2.17,1.86,58.32,4.04,2.23,132.81,50.24,12.03,25.28,11.735,2.1,7.99,10.16,176.47
2026-08-07,150,인터콘티넨탈익스체인지,Intercontinental Exchange,ICE,150.3,49,100,🔴 목표가 초과 (고평가 관망),0.93,false,false,84380000000.0,14.09,8.61,2.17,5,185.86,Strong Buy,15,21.22,,7.08,2.85,14.8,52.68,2.08,1.38,0.95,29.36,2.34,1.46,102.87,91.61,14.53,18.2,8.2582,1.25,12.19,52.74,116.78
2026-08-07,151,마라톤페트롤리엄,Marathon Petroleum,MPC,298.2,98,100,🟢 강력 저평가,0.51,false,false,83740000000.0,42.1,18.09,8.74,7,316.61,Buy,19,10.37,,28.75,4.42,6.31,67.41,4.0,1.34,6.6,13.91,7.95,0.29,745.5,208.82,35.6,6.58,45.3191,0.18,27.65,67.47,745.5
2026-08-07,152,필립스66,Phillips 66,PSX,203.91,93,100,🟢 강력 저평가,0.69,false,false,81360000000.0,23.45,12.23,6.04,7,214.26,Buy,20,11.64,,17.51,2.58,11.22,78.96,5.08,2.49,1.71,29.01,4.2,0.3,509.77,176.38,39.2,7.81,26.1088,0.2,42.57,79.03,509.77
2026-08-07,153,엔터프라이즈프로덕츠파트너스,Enterprise Products Partners,EPD,37.75,71,85,🟢 저평가,0.48,false,false,81670000000.0,,11.64,,4,41.2,Buy,21,13.07,,2.89,2.77,14.75,13.65,2.24,5.93,0.23,76.37,6.16,0.93,40.46,29.79,14.0,12.34,3.0592,0.88,7.84,13.63,42.76
2026-08-07,154,무디스,Moody's,MCO,477.75,43,100,🔴 목표가 초과 (고평가 관망),1.33,false,false,82740000000.0,76.93,32.01,15.62,7,560.48,Buy,24,30.34,,15.74,27.35,21.41,17.47,4.12,0.86,2.07,26.17,2.93,1.99,239.41,78.66,15.21,26.87,17.7801,1.77,12.28,17.47,338.04
2026-08-07,155,다타도그,Datadog,DDOG,233.93,13,100,🔴 극단적 고평가 (위험),1.51,true,false,84000000000.0,4.7,2.91,0.18,5,282.16,Buy,46,473.01,,0.49,19.23,939.95,12.17,,,-1.66,,-1.66,23.35,9.93,11.58,20.26,88.49,2.6436,4.37,21.92,12.16,47.5
2026-08-07,156,로스스토어스,Ross Stores,ROST,255.23,28,100,🔴 목표가 초과 (고평가 관망),0.88,false,false,81870000000.0,38.98,32.31,12.16,7,254.61,Buy,20,35.65,,7.16,13.0,24.04,19.64,1.78,0.7,1.92,24.86,2.62,2.47,103.53,56.25,14.46,32.37,7.8848,2.24,11.84,19.63,142.52
2026-08-07,157,로빈후드,Robinhood Markets,HOOD,93.29,25,100,🔴 목표가 초과 (고평가 관망),2.32,false,false,83880000000.0,23.62,7.01,4.53,4,119.82,Buy,28,41.32,,2.26,8.85,35.11,10.55,,,-0.89,,-0.89,2.06,45.34,23.16,20.06,39.47,2.3636,1.97,20.95,10.54,50.04
2026-08-07,158,신타스,Cintas,CTAS,203.05,20,100,🔴 목표가 초과 (고평가 관망),0.92,false,false,81250000000.0,40.71,27.76,16.1,7,215.38,Buy,20,41.35,,4.91,15.81,26.82,12.84,2.08,1.02,1.0,38.09,2.02,3.14,64.62,37.66,13.16,36.99,5.4893,2.81,11.14,12.84,90.3
2026-08-07,159,노스럽그러먼,Northrop Grumman,NOC,571.58,37,100,🔴 목표가 초과 (고평가 관망),-0.11,false,false,81200000000.0,26.96,15.02,7.15,8,643.28,Buy,23,18.15,,31.5,4.54,15.6,125.89,9.88,1.73,1.76,31.37,3.48,1.65,346.81,298.7,11.01,19.56,29.2219,1.78,7.53,125.9,365.1
2026-08-07,160,트래블러스,The Travelers Companies,TRV,384.31,51,100,🔴 목표가 초과 (고평가 관망),0.46,false,false,80160000000.0,26.51,20.78,4.77,5,360.33,Hold,29,10.29,,37.34,2.42,7.73,158.78,5.0,1.3,4.04,13.39,5.34,1.15,334.94,365.24,8.97,12.83,29.954,1.43,3.63,158.81,316.59
2026-08-07,161,몬델리즈,Mondelez International,MDLZ,62.61,39,100,🔴 목표가 초과 (고평가 관망),0.4,false,false,79910000000.0,13.34,7.89,4.12,6,69.13,Buy,24,22.94,,2.73,3.01,17.17,20.8,2.0,3.19,2.35,73.29,5.54,1.74,35.9,35.74,13.15,19.38,3.2307,1.47,7.61,20.8,41.01
2026-08-07,162,에코라브,Ecolab,ECL,285.17,20,100,🔴 목표가 초과 (고평가 관망),0.89,false,false,79940000000.0,21.96,13.38,7.23,6,324.67,Buy,26,38.26,,7.45,7.95,22.85,35.87,2.92,1.02,0.58,39.18,1.6,2.64,107.8,77.54,14.47,33.05,8.6284,2.28,12.87,35.87,133.73
2026-08-07,163,아메리칸타워,American Tower,AMT,172.54,49,100,🔴 목표가 초과 (고평가 관망),0.89,false,true,80400000000.0,33.91,8.03,4.89,5,215.48,Buy,25,23.73,,7.27,21.61,17.73,7.98,7.16,4.15,0.19,98.49,4.34,1.34,128.97,36.13,17.74,25.74,6.7032,1.45,13.4,7.98,134.79
2026-08-07,164,리제네론,Regeneron Pharmaceuticals,REGN,784.36,91,100,🟢 강력 저평가,0.19,false,false,78320000000.0,14.04,13.5,6.53,5,833.54,Buy,27,19.4,,40.43,2.48,14.46,316.11,3.76,0.48,4.76,9.15,5.24,0.97,809.81,536.24,20.03,12.88,60.8975,0.64,14.79,316.27,1219.05
2026-08-07,165,모토로라솔루션즈,Motorola Solutions,MSI,467.55,36,100,🔴 목표가 초과 (고평가 관망),0.87,false,false,77380000000.0,91.57,21.7,11.25,5,522.73,Buy,14,36.82,,12.7,28.96,23.99,16.15,4.84,1.04,1.32,38.11,2.36,2.8,167.0,67.93,13.15,25.87,18.0731,1.97,10.79,16.14,292.51
2026-08-07,166,시놉시스,Synopsys,SNPS,415.99,18,65,🔵 Trailing만 검증됨 (Forward 데이터 없음),1.21,true,false,79650000000.0,3.82,2.08,1.49,6,564.43,Buy,24,98.53,,4.22,2.61,38.46,159.2,,,-17.34,,-17.34,,,122.95,-0.73,26.21,15.8714,,16.61,159.38,
2026-08-07,167,오라일리오토모티브,O'Reilly Automotive,ORLY,93.53,24,85,🔴 목표가 초과 (고평가 관망),0.52,false,false,75660000000.0,,36.48,13.67,6,108.17,Buy,28,29.68,,3.15,,20.36,-2.25,,,2.75,,2.75,2.17,43.12,,13.69,27.0,3.4641,1.97,10.94,,52.17
2026-08-07,168,노퍽서던,Norfolk Southern,NSC,334.36,20,100,🔴 목표가 초과 (고평가 관망),1.27,false,false,75100000000.0,16.98,10.35,5.95,6,365.28,Hold,21,28.54,,11.72,4.62,16.74,72.36,5.4,1.62,0.55,46.09,2.17,2.86,116.85,138.14,9.97,24.43,13.6865,2.45,7.8,72.37,136.85
2026-08-07,169,아온,Aon,AON,358.3,57,100,🟡 목표가 달성 (적정가),0.68,false,false,76000000000.0,44.7,16.09,5.83,7,402.47,Buy,22,19.74,,18.15,7.91,16.36,45.27,3.28,0.92,1.08,18.07,1.99,1.43,250.47,135.97,13.8,17.76,20.1745,1.29,11.81,45.3,329.66
2026-08-07,170,하니웰,Honeywell International,HON,246.21,8,65,🔴 실적 역성장/적자 (위험),0.92,false,false,78030000000.0,46.58,13.48,5.72,5,263.11,Buy,24,9.51,,25.73,4.21,7.29,58.49,2.8,1.14,1.87,30.47,3.0,,,184.01,-14.16,26.97,9.129,,-17.16,58.48,
2026-08-07,171,제너럴모터스,General Motors,GM,87.58,77,100,🟢 강력 저평가,1.33,true,false,76850000000.0,3.16,6.11,2.25,5,100.04,Buy,28,44.11,,1.99,1.24,10.92,70.7,0.72,0.82,10.37,34.75,11.2,1.85,47.48,56.26,23.86,6.4,13.6844,0.27,13.86,70.63,218.95
2026-08-07,172,카바나,Carvana,CVNA,70.85,37,65,🔵 Trailing만 검증됨 (Forward 데이터 없음),3.49,false,false,78940000000.0,58.77,29.73,11.7,5,82.83,Buy,24,39.06,,1.81,12.65,32.49,5.6,,,-61.69,,-61.69,,,15.1,-45.67,34.74,2.0394,,16.02,5.6,
2026-08-07,173,페덱스,FedEx,FDX,318.57,20,100,🔴 목표가 초과 (고평가 관망),1.36,false,false,75370000000.0,14.85,9.18,5.01,7,351.83,Buy,28,17.17,,18.55,2.42,10.66,131.86,5.57,1.75,1.65,30.03,3.39,1.94,163.8,234.6,8.83,18.01,17.6885,2.04,5.44,131.64,153.14
2026-08-07,174,콜게이트파몰리브,Colgate-Palmolive,CL,93.27,22,100,🔴 목표가 초과 (고평가 관망),0.33,false,false,74350000000.0,267.37,45.56,15.84,6,98.95,Buy,21,36.8,,2.53,131.36,21.4,0.3,2.12,2.27,1.49,83.65,3.76,3.77,24.69,4.13,9.76,23.72,3.9321,2.43,6.0,0.71,47.97
2026-08-07,175,아폴로글로벌,Apollo Global Management,APO,127.44,71,100,🟢 저평가,1.51,false,false,73400000000.0,11.41,6.69,0.94,7,152.32,Buy,21,45.35,,2.81,3.74,2.43,34.04,2.25,1.77,0.53,80.06,2.29,2.75,46.42,46.39,16.52,12.99,9.8106,0.79,14.23,34.07,153.53
2026-08-07,176,시그나,The Cigna Group,CI,282.49,88,100,🟢 저평가,0.32,false,false,74650000000.0,16.76,13.39,4.46,6,341.42,Buy,24,11.68,,24.18,1.75,7.83,161.62,6.24,2.21,3.55,25.8,5.76,0.88,321.59,296.53,13.3,8.91,31.7048,0.67,7.54,161.42,429.77
2026-08-07,177,힐튼,Hilton Worldwide,HLT,317.6,29,85,🔴 목표가 초과 (고평가 관망),1.06,false,false,71480000000.0,,17.37,11.03,7,352.04,Buy,25,46.69,,6.8,,26.66,-27.93,0.6,0.19,4.71,8.82,4.9,2.44,130.22,,19.15,32.99,9.6272,1.72,14.25,,192.62
2026-08-07,178,유나이티드린탈스,United Rentals,URI,1162.84,59,100,🟡 목표가 달성 (적정가),1.8,false,false,72380000000.0,28.9,13.17,8.77,5,1261.88,Buy,22,27.95,,41.61,7.86,11.87,147.97,7.88,0.68,3.39,18.94,4.07,1.47,791.42,372.2,19.02,22.2,52.3802,1.17,14.95,147.94,1134.45
2026-08-07,179,사이먼프로퍼티그룹,Simon Property Group,SPG,222.91,15,100,🔴 극단적 고평가 (위험),1.33,false,true,84780000000.0,113.59,8.97,5.56,4,229.42,Buy,21,15.5,17.72,14.39,15.0,22.92,14.86,9.0,4.04,0.05,61.17,4.09,1.64,136.13,69.36,9.46,33.15,6.7243,3.5,5.37,14.86,72.35
2026-08-07,180,보스턴사이언티픽,Boston Scientific,BSX,49.31,20,100,🔴 목표가 초과 (고평가 관망),0.57,false,false,71460000000.0,15.34,11.2,6.19,7,62.69,Buy,31,19.98,,2.47,2.86,15.01,17.23,,,0.05,,0.05,2.67,18.5,30.94,7.49,14.95,3.2983,2.0,7.44,17.24,24.51
2026-08-07,181,EOG리소시스,EOG Resources,EOG,134.74,97,100,🟢 강력 저평가,0.28,false,false,70680000000.0,22.51,19.75,11.02,7,158.81,Buy,29,10.53,,12.79,2.22,5.38,60.64,4.08,3.03,3.33,31.89,6.36,0.53,255.29,132.1,19.96,8.85,15.2249,0.44,13.6,60.69,336.85
2026-08-07,182,디지털리얼티트러스트,Digital Realty Trust,DLR,193.8,17,100,🔴 극단적 고평가 (위험),1.04,true,true,73000000000.0,2.91,2.42,1.48,5,221.68,Buy,33,93.26,131.75,2.08,2.69,25.95,72.17,4.88,2.52,-3.47,234.84,-0.95,3.46,56.08,58.12,26.96,83.29,2.3268,3.09,27.91,72.04,54.75
2026-08-07,183,에너지트랜스퍼,Energy Transfer,ET,20.13,85,100,🟢 저평가,0.56,false,false,69310000000.0,14.56,8.51,5.06,6,24.24,Strong Buy,21,13.79,,1.46,2.17,8.21,9.29,1.36,6.76,-0.08,92.11,6.68,0.83,24.38,17.47,16.7,13.33,1.5101,0.8,10.02,9.28,24.61
2026-08-07,184,올스테이트,Allstate,ALL,267.0,10,65,🔴 실적 역성장/적자 (위험),0.16,false,false,67510000000.00001,46.11,32.6,8.68,4,267.77,Buy,25,5.33,,50.09,2.14,4.34,124.79,4.32,1.62,1.96,8.62,3.57,,,375.02,-5.45,9.71,27.4974,,-9.02,124.77,
2026-08-07,185,트란스디그므그룹,Transdigm Group,TDG,1225.25,44,85,🔴 목표가 초과 (고평가 관망),0.91,false,false,67730000000.00001,,15.42,11.82,6,1526.65,Buy,22,37.17,,32.96,,19.58,-177.47,90.0,7.35,0.22,273.04,7.56,1.76,695.46,,21.1,26.39,46.4286,1.25,13.54,,1007.56
2026-08-07,186,킨더모건,Kinder Morgan,KMI,30.85,29,100,🔴 목표가 초과 (고평가 관망),0.55,true,false,68700000000.0,10.99,6.24,4.45,6,35.62,Buy,23,19.9,,1.55,2.17,13.13,14.22,1.19,3.86,-0.14,76.75,3.72,1.6,19.3,22.27,12.45,20.86,1.4789,1.68,8.73,14.22,17.36
2026-08-07,187,파카,PACCAR,PCAR,133.11,54,100,🟡 목표가 달성 (적정가),0.98,false,false,70060000000.0,12.76,8.6,4.12,5,139.59,Buy,19,28.02,,4.75,3.45,21.04,38.61,2.8,2.1,-0.08,58.1,2.03,1.54,86.64,64.24,18.24,20.19,6.5929,1.11,16.21,38.58,115.95
2026-08-07,188,휴렛팩커드엔터프라이즈,Hewlett Packard Enterprise,HPE,53.22,66,100,🟢 강력 저평가,1.44,true,false,70470000000.0,6.31,5.58,1.97,6,65.56,Buy,22,49.66,,1.07,2.78,17.2,19.11,0.57,1.07,-0.45,53.18,0.62,1.55,34.25,21.45,32.01,13.79,3.8593,0.43,31.39,19.14,112.24
2026-08-07,189,아메리칸일렉트릭파워,American Electric Power,AEP,125.73,20,100,🔴 목표가 초과 (고평가 관망),0.51,true,false,68450000000.0,10.13,4.16,2.98,4,144.48,Buy,24,21.78,,5.77,2.13,13.87,58.93,3.8,3.02,-1.77,65.82,1.26,2.28,55.05,87.47,9.54,19.1,6.5827,2.0,8.28,59.03,58.29
2026-08-07,190,씨(Sea),Sea,SE,113.43,60,100,🟡 목표가 달성 (적정가),1.51,false,false,69470000000.0,14.86,25.59,4.87,8,141.97,Strong Buy,29,44.66,,2.54,5.4,29.46,21.02,,,-2.9,,-2.9,1.77,64.11,34.66,25.24,27.59,4.1113,1.09,28.14,21.01,113.36
2026-08-07,191,블룸에너지,Bloom Energy,BE,219.34,9,100,🔴 극단적 고평가 (위험),3.83,false,false,64599999999.99999,22.21,22.93,5.6,6,273.51,Buy,29,247.2,,0.89,39.92,160.62,5.5,,,-24.65,,-24.65,23.88,9.21,10.49,10.35,62.96,3.4838,6.08,116.65,5.49,41.58
2026-08-07,192,타깃,Target,TGT,149.7,47,100,🔴 목표가 초과 (고평가 관망),0.97,false,false,67989999999.99999,22.02,12.83,5.67,6,137.9,Hold,38,19.78,,7.57,4.15,10.55,36.1,4.64,3.1,0.98,61.3,4.08,1.6,93.34,78.41,12.33,17.35,8.6282,1.41,8.25,36.07,113.52
2026-08-07,193,에어프로덕츠,Air Products and Chemicals,APD,303.44,20,100,🔴 목표가 초과 (고평가 관망),0.75,true,false,67569999999.99999,0.02,-1.48,-0.78,3,343.37,Buy,21,,,-0.21,4.87,89.23,62.35,7.24,2.39,-0.02,,2.36,,,,11.55,21.3,14.246,1.84,9.19,62.31,139.86
2026-08-07,194,모노리시크포어시스템즈,Monolithic Power Systems,MPWR,1401.54,47,100,🔴 목표가 초과 (고평가 관망),1.69,false,false,68880000000.0,21.98,31.84,13.57,4,1829.54,Strong Buy,15,85.5,,16.39,17.68,71.78,79.27,8.0,0.57,-1.15,43.43,-0.58,2.76,507.43,170.98,30.96,43.81,31.9913,1.42,31.54,79.27,1119.7
2026-08-07,195,워너브라더스디스커버리,Warner Bros. Discovery,WBD,26.78,14,65,🔴 실적 역성장/적자 (위험),1.56,true,false,67239999999.99999,-8.79,4.33,1.71,5,29.82,Hold,19,,,-1.27,2.05,25.2,13.09,,,-0.59,,-0.59,,,,8.6,182.55,0.1467,21.23,9.19,13.06,1.1
2026-08-07,196,코허엔트,Coherent,COHR,379.13,20,100,🔴 목표가 초과 (고평가 관망),2.11,true,false,74170000000.0,4.72,6.05,3.14,7,394.62,Buy,21,158.27,,2.4,6.94,72.14,54.6,,,-16.99,,-16.99,8.79,43.22,54.3,18.01,50.66,7.4838,2.81,55.27,54.63,121.3
2026-08-07,197,루멘텀,Lumentum,LITE,890.17,14,100,🔴 극단적 고평가 (위험),1.51,false,false,69260000000.0,22.83,8.3,2.89,7,1104.89,Buy,25,169.23,,5.26,21.47,141.16,41.47,,,-21.84,,-21.84,12.86,69.22,70.06,13.16,55.74,15.97,4.24,143.79,41.46,221.28
2026-08-07,198,아서제이갤러거,Arthur J. Gallagher &,AJG,248.12,29,100,🔴 목표가 초과 (고평가 관망),0.5,true,false,63600000000.0,6.72,6.6,2.32,7,290.44,Buy,22,41.17,,6.03,2.68,18.96,92.54,2.8,1.13,-6.59,46.46,-5.46,3.82,65.0,112.05,10.78,17.62,14.0817,1.63,16.24,92.58,138.99
2026-08-07,199,리퍼블리크서비시스,Republic Services,RSG,214.56,20,100,🔴 목표가 초과 (고평가 관망),0.4,false,false,65700000000.0,18.15,11.06,6.17,4,246.29,Buy,27,30.39,,7.06,5.46,14.93,39.32,2.68,1.25,1.27,37.96,2.51,2.83,75.75,79.03,10.73,28.08,7.641,2.62,8.22,39.3,83.43
2026-08-07,200,아플라크,AFLAC,AFL,124.61,32,100,🔴 목표가 초과 (고평가 관망),0.6,false,false,62470000000.0,16.91,11.14,3.13,5,118.07,Hold,14,13.3,,9.37,2.06,5.26,60.35,2.44,1.96,5.75,26.04,7.7,1.35,92.01,112.8,9.82,16.89,7.3777,1.72,2.12,60.49,72.85
2026-08-07,201,메트라이프,MetLife,MET,97.77,87,100,🟢 강력 저평가,0.76,true,false,62130000000.0,13.09,5.1,0.45,6,102.25,Buy,18,18.74,,5.22,2.27,10.89,43.03,2.37,2.42,4.7,45.44,7.12,1.0,97.46,71.09,18.67,9.27,10.5469,0.5,11.55,43.07,187.42
2026-08-07,202,트루이스트파이낸셜,Truist Financial,TFC,52.35,74,85,🟢 강력 저평가,0.87,false,false,63950000000.0,9.06,,1.06,4,54.92,Hold,21,12.04,,4.35,1.09,,48.04,2.08,3.97,3.67,47.83,7.65,0.62,84.13,68.57,19.34,11.17,4.6867,0.58,11.69,48.03,86.44
2026-08-07,203,센코라,Cencora,COR,320.46,56,100,🟡 목표가 달성 (적정가),0.57,false,false,61150000000.0,96.87,20.95,3.56,6,367.25,Buy,14,23.81,,13.46,20.04,17.71,15.99,2.4,0.75,0.46,17.83,1.21,1.91,167.85,69.59,12.47,16.66,19.2353,1.34,11.26,15.99,293.74
2026-08-07,204,나이키,Nike,NKE,41.7,76,100,🟡 적정가 형성,1.12,false,false,61860000000.0,22.14,19.55,6.97,5,50.66,Hold,39,19.86,,2.1,4.16,14.06,10.02,1.64,3.93,0.44,78.1,4.38,0.82,50.93,21.76,24.25,24.34,1.7132,1.0,19.87,10.02,46.71
2026-08-07,205,바커허그헤스,Baker Hughes,BKR,61.55,39,100,🔴 목표가 초과 (고평가 관망),0.96,false,false,61100000000.0,16.46,16.16,4.85,5,71.39,Buy,24,19.79,,3.11,3.07,12.77,20.06,0.92,1.5,0.3,29.58,1.8,1.42,43.29,37.47,13.92,22.06,2.7901,1.58,12.12,20.05,40.36
2026-08-07,206,뉴코,Nucor,NUE,272.63,85,100,🟢 강력 저평가,1.89,false,false,62090000000.0,14.55,12.05,7.32,7,283.56,Buy,17,21.77,,12.52,2.81,11.79,96.88,2.24,0.82,1.8,17.89,2.62,0.58,438.2,165.2,37.62,12.85,21.2163,0.34,35.39,97.02,681.58
2026-08-07,207,엠피엘엑스,MPLX,MPLX,58.85,71,85,🟢 저평가,0.46,false,false,59720000000.0,,12.04,,3,61.46,Buy,15,12.66,,4.65,4.25,12.73,13.86,4.31,7.32,0.34,92.66,7.66,0.84,69.8,38.08,15.01,12.73,4.6229,0.85,7.35,13.85,69.41
2026-08-07,208,델타애리네스,Delta Air Lines,DAL,91.34,79,100,🟢 강력 저평가,1.31,false,false,59740000000.0,20.12,10.98,4.02,7,105.52,Strong Buy,25,15.15,,6.03,2.74,13.81,33.35,0.86,0.94,-0.92,14.27,0.02,0.73,125.18,67.27,20.76,10.86,8.4107,0.52,20.74,33.34,181.07
2026-08-07,209,그레인저,W.W. Grainger,GWW,1277.55,42,100,🔴 목표가 초과 (고평가 관망),1.05,false,false,60170000000.0,46.09,33.2,19.93,6,1316.93,Hold,19,32.62,,39.17,14.57,20.78,87.71,9.96,0.78,1.86,25.43,2.64,2.25,567.57,278.03,14.49,26.31,48.5576,1.82,11.85,87.68,879.5
2026-08-07,210,콤포트시스템즈우사,Comfort Systems USA,FIX,1694.55,76,100,🟢 저평가,1.7,false,false,59540000000.0,55.29,76.72,17.04,8,2210.86,Strong Buy,9,41.7,,40.64,18.51,28.93,91.55,3.6,0.21,0.86,7.38,1.07,1.16,1422.4,289.33,36.07,32.02,52.9216,0.89,36.75,91.55,1852.26
2026-08-07,211,터아딘,Teradyne,TER,379.31,56,100,🟡 목표가 달성 (적정가),1.79,false,false,59300000000.0,36.46,38.24,19.75,5,449.8,Buy,17,52.07,,7.29,17.26,39.74,21.98,0.52,0.14,2.69,7.14,2.83,1.38,255.15,60.04,37.83,38.89,9.7534,1.03,56.85,21.98,341.37
2026-08-07,212,도미니언에너지,Dominion Energy,D,67.39,20,100,🔴 목표가 초과 (고평가 관망),0.63,true,false,59270000000.0,8.28,4.22,3.04,6,70.75,Hold,16,23.4,,2.86,2.12,17.16,31.74,2.67,3.96,-2.69,93.32,1.28,3.2,20.91,45.19,7.31,18.3,3.6825,2.5,6.03,31.79,24.66
2026-08-07,213,파스테날,Fastenal,FAST,51.84,20,100,🔴 목표가 초과 (고평가 관망),0.71,false,false,59490000000.0,34.33,32.06,21.52,6,47.84,Hold,18,44.31,,1.17,14.62,30.55,3.55,0.96,1.85,-0.12,82.05,1.73,3.28,15.82,9.67,13.52,38.83,1.3351,2.87,11.79,3.55,22.56
2026-08-07,214,리얼티인컴,Realty Income,O,62.51,20,100,🔴 목표가 초과 (고평가 관망),0.72,true,true,59320000000.0,3.22,3.59,2.36,6,68.21,Hold,24,45.68,14.64,1.37,1.5,17.04,41.8,3.25,5.2,-4.53,237.65,0.67,2.98,21.03,35.9,15.35,37.21,1.6799,2.42,14.68,41.67,22.69
2026-08-07,215,아메테크,AMETEK,AME,253.66,20,100,🔴 목표가 초과 (고평가 관망),1.0,false,false,58150000000.0,14.56,13.24,8.16,7,277.22,Buy,20,37.09,,6.84,5.16,24.41,49.12,1.36,0.54,0.61,19.88,1.14,3.61,70.32,86.95,10.28,29.4,8.6279,2.86,9.14,49.16,88.76
2026-08-07,216,케새트테크놀로지스,Keysight Technologies,KEYS,340.97,51,100,🔴 목표가 초과 (고평가 관망),1.21,false,false,58270000000.0,18.17,14.53,6.04,6,388.33,Buy,12,54.87,,6.1,9.2,40.15,37.08,,,1.15,,1.15,2.22,150.49,71.34,24.67,31.38,10.8658,1.27,23.52,37.06,279.53
2026-08-07,217,타가리소시스,Targa Resources,TRGP,256.87,75,100,🟡 적정가 형성,0.72,false,false,55080000000.0,70.84,13.28,9.24,6,298.9,Buy,23,24.55,,10.46,15.06,13.53,17.05,5.0,1.95,1.51,43.01,3.45,1.24,207.74,63.35,19.86,22.01,11.6706,1.11,16.41,17.06,269.02
2026-08-07,218,퍼블릭스토리지,Public Storage,PSA,328.4,11,65,🔴 실적 역성장/적자 (위험),0.94,false,true,61350000000.0,21.93,11.71,6.99,5,336.41,Hold,21,31.33,19.04,10.48,11.92,20.97,27.56,12.0,3.65,-0.14,114.48,3.51,,,80.61,-0.19,36.68,8.9531,,-3.7,27.55,
2026-08-07,219,시나,Ciena,CIEN,412.39,40,100,🔴 목표가 초과 (고평가 관망),1.32,false,false,58380000000.0,15.46,17.9,6.66,7,565.71,Buy,20,137.12,,3.01,20.19,86.96,20.43,,,0.08,,0.08,3.91,105.35,37.2,35.08,52.87,7.8001,1.51,76.01,20.43,273.0
2026-08-07,220,아스터아라브스,Astera Labs,ALAB,334.17,35,45,🔵 Trailing만 검증됨 (Forward 데이터 없음),3.84,false,false,57970000000.0,25.83,62.97,10.67,4,383.24,Buy,26,164.6,,2.03,33.59,198.9,9.95,,,-7.76,,,,,21.32,,59.55,5.6116,,61.61,9.95,
2026-08-07,221,옥시덴탈페트롤리엄,Occidental Petroleum,OXY,55.91,75,100,🟢 강력 저평가,0.16,false,false,55890000000.0,10.63,8.6,4.68,7,65.83,Buy,24,16.45,,6.51,1.67,16.93,33.47,1.12,2.0,-1.82,15.97,0.19,0.82,130.66,70.02,20.07,12.41,4.5052,0.62,19.88,33.48,85.9
2026-08-07,222,체니에너지,Cheniere Energy,LNG,256.14,87,100,🟢 저평가,-0.01,false,false,52900000000.0,39.12,14.27,8.63,5,304.95,Strong Buy,23,18.83,,13.6,8.6,10.14,29.78,2.22,0.87,4.98,16.32,5.85,0.88,290.22,95.46,21.34,14.69,17.4364,0.69,15.49,29.78,434.94
2026-08-07,223,카디날헬스,Cardinal Health,CAH,236.4,60,85,🟡 적정가 형성,0.52,false,false,55370000000.0,,16.1,3.6,6,252.4,Strong Buy,17,36.16,,6.54,,18.65,-12.05,2.06,0.87,2.36,31.56,3.23,1.69,139.83,,21.38,20.45,11.5599,0.96,18.15,,255.6
2026-08-07,224,오너크,ONEOK,OKE,86.42,36,100,🔴 목표가 초과 (고평가 관망),0.71,false,false,54480000000.0,16.28,8.41,5.77,6,96.29,Buy,23,14.94,,5.78,2.38,11.43,36.39,4.28,4.95,-4.61,74.0,0.34,1.74,49.71,68.79,8.6,13.69,6.3126,1.59,8.26,36.31,53.63
2026-08-07,225,디비에이셈프라,DBA Sempra,SRE,83.88,32,100,🔴 목표가 초과 (고평가 관망),0.58,true,false,54850000000.0,6.68,2.68,1.96,5,104.64,Buy,20,24.23,,3.46,1.68,15.34,50.0,2.63,3.14,-1.32,75.97,1.82,2.32,36.16,62.39,10.45,15.93,5.2655,1.52,8.63,49.93,49.47
2026-08-07,226,포드,Ford Motor,F,13.98,15,65,🔴 실적 역성장/적자 (위험),1.85,true,false,55750000000.0,-18.25,0.91,0.35,3,15.78,Hold,22,,,-1.86,1.56,245.23,8.96,0.6,4.29,0.81,,5.1,,,,30.51,8.29,1.6864,0.27,25.41,8.96,34.95
2026-08-07,227,르하리스테크놀로지스,L3Harris Technologies,LHX,286.67,36,100,🔴 목표가 초과 (고평가 관망),0.51,false,false,53380000000.0,9.34,8.1,4.38,7,343.27,Buy,17,28.97,,9.9,2.68,17.49,106.8,5.0,1.74,0.82,50.52,2.56,1.87,153.45,154.24,15.5,23.15,12.3832,1.49,12.94,106.97,180.29
2026-08-07,228,디몬드바크에너지,Diamondback Energy,FANG,188.04,38,100,🔴 목표가 초과 (고평가 관망),0.42,true,false,52660000000.0,3.49,2.17,1.31,5,232.75,Strong Buy,29,36.73,,5.12,1.39,10.25,135.08,4.4,2.34,-5.53,83.02,-3.19,4.7,39.99,124.74,7.81,10.3,18.2563,1.32,11.0,135.28,124.84
2026-08-07,229,나스닥,Nasdaq,NDAQ,94.59,50,100,🔴 목표가 초과 (고평가 관망),0.97,false,false,52870000000.0,16.52,10.43,5.85,7,110.07,Buy,17,27.58,,3.43,4.43,19.06,21.33,1.24,1.31,0.99,36.16,2.3,1.59,59.61,40.57,17.38,21.6,4.3792,1.24,15.08,21.35,76.01
2026-08-07,230,캐리어글로벌,Carrier Global,CARR,64.01,55,100,🟡 목표가 달성 (적정가),1.31,true,false,52770000000.0,8.97,7.03,2.98,6,77.82,Buy,24,46.06,,1.44,4.02,22.7,15.94,0.96,1.5,5.05,66.48,6.55,2.33,28.48,22.73,19.78,20.82,3.0744,1.05,13.23,15.92,56.7
2026-08-07,231,피프스서드뱅코프,Fifth Third Bancorp,FITB,57.09,11,85,🔴 극단적 고평가 (위험),0.92,true,false,51770000000.0,8.44,,0.92,4,62.9,Buy,21,20.04,,2.85,1.6,,35.63,1.6,2.8,-13.58,56.17,-10.78,7.16,7.98,47.8,2.8,12.37,4.6152,4.42,13.58,35.68,12.27
2026-08-07,232,에드와드스리페신세스,Edwards Lifesciences,EW,89.72,27,100,🔴 목표가 초과 (고평가 관망),0.85,false,false,51710000000.0,9.18,17.39,8.37,4,100.96,Buy,28,53.53,,1.72,4.87,29.82,18.41,,,1.64,,1.64,3.43,26.85,26.69,15.61,28.58,3.1393,1.83,13.97,18.42,48.98
2026-08-07,233,코테바,Corteva,CTVA,76.83,39,100,🔴 목표가 초과 (고평가 관망),0.57,true,false,51260000000.0,4.26,7.8,4.55,7,92.4,Buy,21,47.73,,1.5,2.04,13.18,37.72,0.72,0.94,1.93,48.1,2.87,3.4,21.03,35.68,14.02,19.44,3.9522,1.39,11.15,37.66,50.1
2026-08-07,234,오토데스크,Autodesk,ADSK,249.08,69,100,🟡 적정가 형성,1.3,false,false,52590000000.0,50.4,49.15,11.32,7,313.74,Strong Buy,35,36.38,,6.85,16.48,19.29,15.11,,,1.27,,1.27,2.04,122.07,48.26,17.82,19.33,12.8857,1.08,16.55,15.11,287.03
2026-08-07,235,페이팔,PayPal,PYPL,59.07,88,100,🟢 저평가,1.3,false,false,50530000000.0,24.5,22.27,4.62,6,58.77,Hold,43,11.14,,5.3,2.57,7.74,22.99,0.56,0.95,7.83,10.56,8.78,0.75,78.33,52.36,14.78,10.64,5.5517,0.72,6.0,22.98,96.05
2026-08-07,236,스타트스트리트,State Street,STT,184.68,73,85,🟢 강력 저평가,1.42,false,false,50730000000.0,12.44,,0.87,4,199.5,Buy,16,16.3,,11.33,2.05,,89.95,3.68,1.99,3.77,32.48,5.77,0.64,290.05,151.43,25.6,12.75,14.4847,0.5,19.83,90.09,362.02
2026-08-07,237,헤코,Heico,HEI,367.58,16,100,🔴 극단적 고평가 (위험),1.05,false,false,51360000000.0,17.21,12.73,8.23,6,386.53,Buy,22,65.64,,5.6,10.74,39.43,34.22,0.24,0.07,-0.39,4.46,-0.32,3.86,95.26,65.66,17.01,57.96,6.342,3.41,17.33,34.23,109.84
2026-08-07,238,아머이프리스파이낸셜,Ameriprise Financial,AMP,551.98,94,100,🟢 강력 저평가,1.14,false,false,48760000000.0,63.43,689.52,2.27,5,574.36,Hold,14,13.33,,41.4,7.67,,71.97,6.8,1.23,5.22,16.43,6.45,0.68,817.24,258.92,19.74,11.3,48.8478,0.57,13.29,71.97,1205.32
2026-08-07,239,오토존,AutoZone,AZO,3127.29,38,85,🔴 목표가 초과 (고평가 관망),0.34,false,false,51050000000.0,,26.65,11.39,5,3950.52,Strong Buy,27,21.48,,145.61,,14.95,-170.11,,,1.63,,1.63,1.77,1769.16,,12.15,18.61,168.0435,1.53,10.52,,2245.9
2026-08-07,240,웨스팅하스애브라크테크놀로지스,Westinghouse Air Brake Technologies,WAB,291.81,38,100,🔴 목표가 초과 (고평가 관망),0.93,false,false,49290000000.0,11.55,9.18,6.17,6,324.17,Strong Buy,12,39.3,,7.43,4.4,22.14,66.32,1.24,0.42,0.9,15.89,1.33,2.28,127.8,105.3,17.2,25.47,11.457,1.48,15.87,66.32,188.88
2026-08-07,241,데본에너지,Devon Energy,DVN,42.98,54,100,🟡 목표가 달성 (적정가),0.42,false,false,49420000000.0,11.52,10.06,5.91,5,60.08,Strong Buy,27,9.21,,4.66,1.18,6.89,36.3,1.28,2.98,-9.89,27.44,-6.92,1.23,36.42,61.69,7.47,8.19,5.2479,1.1,14.39,36.42,37.71
2026-08-07,242,엔터기,Entergy,ETR,107.18,20,100,🔴 목표가 초과 (고평가 관망),0.49,true,false,50010000000.0,10.25,3.95,2.68,5,124.21,Buy,24,27.44,,3.91,2.74,14.19,39.07,2.56,2.39,-4.89,65.54,-2.5,2.4,44.61,58.63,11.41,22.84,4.6926,2.0,13.91,39.12,49.7
2026-08-07,243,호네웰아어오스파스,Honeywell Aerospace,HONA,168.51,18,25,🔵 Trailing만 검증됨 (Forward 데이터 없음),,false,false,53410000000.0,,18.31,,3,229.92,Buy,15,27.45,,6.14,,19.36,-17.97,,,,,,,,,,20.2,8.3421,,,,
2026-08-07,244,로크웰오토마션,Rockwell Automation,ROK,441.04,47,100,🔴 목표가 초과 (고평가 관망),1.54,false,false,48980000000.0,30.63,21.36,9.99,7,477.67,Buy,28,41.33,,10.67,14.02,27.87,31.46,5.52,1.25,0.84,51.73,2.09,2.22,199.0,86.91,18.65,30.5,14.4603,1.64,16.56,31.46,330.17
2026-08-07,245,이베이,eBay,EBAY,111.98,78,100,🟡 적정가 형성,1.36,false,false,49830000000.0,46.61,28.48,9.14,6,114.96,Hold,31,23.49,,4.85,10.68,18.64,10.48,1.24,1.11,4.37,25.59,5.47,1.44,78.96,33.82,16.28,17.91,6.2524,1.1,10.81,10.49,127.24
2026-08-07,246,베크톤디킨손앤드,Becton Dickinson and,BDX,176.86,12,65,🔴 실적 역성장/적자 (위험),0.26,true,false,48170000000.0,6.61,7.93,4.34,7,192.0,Buy,14,30.37,,3.33,1.97,25.03,89.64,4.2,2.38,2.1,126.09,4.48,7.0,14.45,81.95,4.34,13.34,13.2579,3.07,-0.14,89.78,52.96
2026-08-07,247,크셀에너지,Xcel Energy,XEL,78.07,20,100,🔴 목표가 초과 (고평가 관망),0.41,true,false,48770000000.0,9.92,3.2,2.36,4,92.67,Strong Buy,19,21.41,,3.65,2.03,15.14,38.53,2.37,3.04,-6.16,64.98,-3.13,3.3,23.65,56.25,6.48,18.31,4.2638,2.83,9.61,38.46,25.5
2026-08-07,248,비스트라,Vistra,VST,140.59,67,85,🟢 강력 저평가,1.43,false,false,47240000000.0,,9.68,,3,222.11,Strong Buy,20,23.3,,6.03,15.23,10.37,9.23,0.92,0.65,2.49,15.15,3.15,0.61,211.05,35.39,38.15,15.02,9.3602,0.39,35.08,9.23,327.61
2026-08-07,249,비킹,Viking,VIK,105.79,48,100,🔴 목표가 초과 (고평가 관망),1.5,false,false,47200000000.0,300.09,50.92,7.96,6,105.15,Strong Buy,21,39.42,,2.68,45.4,26.99,2.33,,,-5.97,,-5.97,1.87,56.6,11.85,21.12,31.01,3.4115,1.47,27.09,2.33,90.06
2026-08-07,250,벤타스,Ventas,VTR,93.36,11,100,🔴 극단적 고평가 (위험),0.73,true,true,48210000000.0,2.01,3.58,2.17,5,100.73,Buy,23,170.19,,0.55,3.27,26.1,28.56,2.08,2.23,-10.07,379.16,-7.84,6.84,13.69,18.8,24.89,129.0,0.7237,5.18,32.73,28.55,15.7
2026-08-07,251,서에브라스시스템즈,Cerebras Systems,CBRS,226.73,19,60,🔵 Trailing만 검증됨 (Forward 데이터 없음),,true,false,51360000000.0,18.79,-10.78,,4,292.0,Strong Buy,11,159.75,,1.42,18.66,,-3.24,,,-282.76,,-282.76,,,,,,,,,12.15,
2026-08-07,252,블로크,Block,XYZ,79.0,64,100,🟢 강력 저평가,2.53,true,false,47460000000.0,1.61,2.72,2.01,7,96.63,Buy,45,134.29,,0.59,2.15,30.92,36.7,,,3.71,,3.71,3.47,20.65,22.07,38.71,17.2,4.593,0.44,38.33,36.74,153.86
2026-08-07,253,엑셀론,Exelon,EXC,45.61,20,100,🔴 목표가 초과 (고평가 관망),0.4,true,false,47080000000.0,9.71,4.1,2.81,5,49.44,Hold,22,16.78,,2.72,1.59,10.85,28.77,1.68,3.68,-1.19,61.79,2.49,2.12,21.54,41.96,7.92,15.48,2.9464,1.95,5.43,28.69,21.59
2026-08-07,254,코레위브,CoreWeave,CRWV,90.67,2,60,🔴 Trailing 실적 역성장/적자 (위험),,true,false,49470000000.0,-40.67,-0.31,-0.22,2,137.94,Buy,38,,,-3.15,10.14,27.15,8.95,,,-122.39,,-122.39,,,,,,,,,8.94,
2026-08-07,255,아이덱스랩스,IDEXX Laboratories,IDXX,586.67,22,100,🔴 목표가 초과 (고평가 관망),1.54,false,false,46220000000.0,74.21,47.23,27.09,8,705.85,Buy,14,41.25,,14.22,28.7,29.22,20.44,,,2.4,,2.4,2.67,219.98,80.87,15.47,37.68,15.5698,2.44,13.07,20.44,301.08
2026-08-07,256,아레스매니지먼트,Ares Management,ARES,136.85,33,85,🔴 목표가 초과 (고평가 관망),1.51,true,false,45140000000.0,,4.31,,3,146.5,Buy,18,61.66,,2.22,12.03,53.45,11.38,5.4,3.95,-7.19,232.93,-3.25,3.57,38.32,23.84,17.26,21.25,6.44,1.23,20.51,11.38,107.6
2026-08-07,257,파시피크가스안드일렉트릭,Pacific Gas & Electric,PCG,17.46,37,100,🔴 목표가 초과 (고평가 관망),0.28,true,false,38450000000.0,9.32,3.8,2.57,6,22.78,Buy,17,12.58,,1.39,1.19,10.36,14.68,0.2,1.15,-3.06,12.6,-1.91,1.66,10.55,21.43,7.59,10.35,1.687,1.36,9.5,14.67,11.8
2026-08-07,258,메들린,Medline,MDLN,35.23,19,95,🔴 목표가 초과 (고평가 관망),,true,false,46320000000.0,4.94,5.08,3.01,6,46.19,Buy,27,44.27,,0.8,2.67,19.81,13.19,,,94.99,,94.99,4.13,8.58,15.41,10.72,23.38,1.5068,2.18,0.72,13.19,14.5
2026-08-07,259,후마나,Humana,HUM,385.0,22,100,🔴 목표가 초과 (고평가 관망),0.74,true,false,46230000000.0,6.89,8.13,3.9,6,413.09,Buy,26,36.36,,10.59,2.41,15.51,160.0,3.54,0.92,-0.08,33.43,0.84,2.11,182.89,195.25,17.27,31.22,12.3318,1.81,16.43,159.75,196.61
2026-08-07,260,올드도미닌프리이트린,Old Dominion Freight Line,ODFL,216.36,37,100,🔴 목표가 초과 (고평가 관망),1.18,false,false,44860000000.0,24.82,25.36,15.77,6,231.68,Hold,23,41.62,,5.2,9.87,24.55,21.92,1.16,0.54,1.92,22.32,2.46,2.25,96.25,50.64,18.51,34.72,6.2316,1.88,16.05,21.92,137.06
2026-08-07,261,로케트라브,Rocket Lab,RKLB,82.83,5,65,🔴 Trailing 실적 역성장/적자 (위험),2.63,true,false,49550000000.0,-13.55,-8.06,-6.58,4,111.31,Buy,18,,,-0.33,21.06,,3.93,,,-11.16,,-11.16,,,,,,,,,3.93,
2026-08-07,262,톰슨로이터스,Thomson Reuters,TRI,101.83,52,100,🔴 목표가 초과 (고평가 관망),0.17,false,false,44150000000.0,14.17,12.1,7.44,6,122.54,Buy,18,26.63,,3.78,3.97,20.37,25.68,4.02,3.94,2.1,106.18,6.04,1.45,69.4,46.73,18.36,21.64,4.7056,1.18,12.32,25.65,85.41
2026-08-07,263,타케트워인터아크티브소프트웨어,Take-Two Interactive Software,TTWO,246.5,9,65,🔴 실적 역성장/적자 (위험),0.98,true,false,46090000000.0,-9.04,-1.97,-0.6,4,285.21,Strong Buy,28,,,-1.73,12.77,39.45,19.3,,,-4.53,,-4.53,,,,30.47,29.99,8.2194,0.98,36.29,19.3,212.88
2026-08-07,264,크레도테크놀로지그룹,Credo Technology Group,CRDO,249.89,53,100,🔴 목표가 초과 (고평가 관망),3.23,false,false,46600000000.0,34.41,73.1,17.92,6,279.29,Strong Buy,19,99.56,,2.51,22.45,94.12,11.13,,,-3.91,,-3.91,3.2,78.04,25.07,31.09,40.79,6.1263,1.31,47.63,11.13,214.42
2026-08-07,265,리브나션엔터테인먼트,Live Nation Entertainment,LYV,180.66,50,65,🔵 Trailing만 검증됨 (Forward 데이터 없음),1.12,false,false,42090000000.0,17.68,13.87,2.1,4,201.96,Buy,25,,,-1.11,23.14,29.74,0.36,,,2.22,,2.22,,,,,137.3,1.3158,,,7.81,
2026-08-07,266,페체크스,Paychex,PAYX,120.04,45,100,🔴 목표가 초과 (고평가 관망),0.8,false,false,42700000000.0,44.77,27.09,9.82,5,109.57,Hold,18,24.55,,4.89,11.43,14.46,10.5,4.76,3.97,0.55,97.34,4.52,2.1,57.16,33.99,11.69,20.07,5.9811,1.72,7.17,10.5,87.4
2026-08-07,267,씨비알이그룹,CBRE Group,CBRE,148.18,72,100,🟢 저평가,1.19,true,false,42910000000.0,15.8,5.17,2.59,6,181.25,Buy,13,33.83,,4.38,5.11,17.9,28.97,,,2.26,,2.26,1.71,86.46,53.43,19.74,18.52,8.0011,0.94,17.48,29.0,153.24
2026-08-07,268,치폴레,Chipotle Mexican Grill,CMG,32.79,41,100,🔴 목표가 초과 (고평가 관망),0.94,false,false,41490000000.0,49.56,20.99,13.07,5,44.05,Buy,34,30.39,,1.08,18.9,21.03,1.74,,,3.92,,3.92,2.12,15.47,6.5,14.32,25.93,1.2646,1.81,10.4,1.73,22.18
2026-08-07,269,AIG,American International Group,AIG,78.78,85,100,🟢 강력 저평가,0.52,true,false,41190000000.0,7.22,7.66,1.77,5,88.45,Buy,22,14.48,,5.44,1.02,6.4,77.39,2.0,2.54,11.07,36.76,13.61,0.73,108.58,97.33,19.96,9.36,8.4167,0.47,9.96,77.24,155.13
2026-08-07,270,푸르덴셜파이낸셜,Prudential Financial,PRU,121.28,77,100,🟢 저평가,0.83,true,false,41870000000.0,12.01,4.74,0.43,5,107.67,Hold,18,10.97,,11.06,1.33,1.89,91.47,5.6,4.62,1.81,50.66,6.43,1.14,106.51,150.87,9.63,8.7,13.9402,0.9,3.2,91.19,126.62
2026-08-07,271,아크손엔터프라이즈,Axon Enterprise,AXON,571.01,20,100,🔴 목표가 초과 (고평가 관망),1.4,true,false,46390000000.0,6.22,1.18,0.51,4,691.83,Buy,21,237.48,,2.4,12.62,357.08,45.23,,,-2.43,,-2.43,9.92,57.43,49.42,23.93,63.39,9.0079,2.65,26.36,45.25,191.78
2026-08-07,272,리보러션메디시네스,Revolution Medicines,RVMD,205.15,5,65,🔴 Trailing 실적 역성장/적자 (위험),1.4,true,false,43970000000.0,-79.09,-33.68,-30.12,1,213.66,Strong Buy,22,,,-8.92,16.86,,12.16,,,-10.45,,-10.45,,,,,,,,,12.17,
2026-08-07,273,워크데,Workday,WDAY,179.64,77,100,🟢 저평가,1.05,false,false,44370000000.0,10.86,12.62,4.34,7,168.64,Buy,41,55.94,,3.21,6.69,31.89,26.84,,,1.89,,1.89,3.0,59.8,44.03,18.63,16.15,11.1232,0.87,16.74,26.85,201.19
2026-08-07,274,얌브랜즈,Yum! Brands,YUM,150.76,36,85,🔴 목표가 초과 (고평가 관망),0.55,false,false,41140000000.0,,59.37,22.69,4,173.38,Buy,25,18.99,,7.94,,18.33,-26.03,3.0,1.99,1.41,37.79,3.4,1.39,108.78,,13.7,21.88,6.8903,1.6,10.3,,103.84
2026-08-07,275,유나이티드에어라인스,United Airlines,UAL,129.56,82,100,🟢 강력 저평가,1.29,false,false,42050000000.0,23.25,10.29,3.38,6,162.15,Strong Buy,25,12.12,,10.69,2.52,12.12,51.44,,,1.48,,1.48,0.58,223.63,111.23,20.92,9.56,13.5523,0.46,19.44,51.41,302.06
2026-08-07,276,큐리그닥터페퍼,Keurig Dr Pepper,KDP,30.01,54,100,🟡 목표가 달성 (적정가),0.41,true,false,40840000000.0,5.1,4.42,3.27,4,35.65,Buy,18,30.33,,0.99,1.63,17.26,18.4,0.92,3.07,-0.09,92.97,2.98,2.35,12.76,20.24,12.89,12.29,2.4418,0.95,9.91,18.41,28.19
2026-08-07,277,MSCI,MSCI,MSCI,563.17,44,85,🔴 목표가 초과 (고평가 관망),1.22,false,false,40940000000.0,,39.93,21.13,7,692.06,Buy,18,30.84,,18.26,,22.7,-36.99,8.2,1.46,4.85,44.91,6.3,1.53,368.3,,20.17,26.6,21.1718,1.32,13.87,,469.74
2026-08-07,278,디알호톤,D.R. Horton,DHI,151.08,83,100,🟢 저평가,1.37,false,false,42260000000.0,12.63,10.38,6.88,5,162.92,Hold,18,14.37,,10.51,1.78,12.08,84.85,1.8,1.19,8.44,17.12,9.63,0.9,167.95,141.65,15.98,13.49,11.1994,0.84,6.35,84.88,173.74
2026-08-07,280,마이크로칩테크놀로지,Microchip Technology,MCHP,84.69,66,100,🟢 강력 저평가,1.74,true,false,45990000000.0,7.19,5.87,3.54,7,109.21,Buy,25,124.83,,0.68,7.13,34.78,11.88,1.82,2.15,-1.88,268.25,0.27,3.54,23.8,13.48,35.27,21.45,3.9483,0.61,42.44,11.88,127.53
2026-08-07,281,시스코,Sysco,SYY,84.29,56,100,🟡 목표가 달성 (적정가),0.64,false,false,40340000000.0,77.69,17.46,8.11,6,89.31,Buy,15,23.03,,3.66,15.13,12.67,5.57,2.2,2.61,1.88,60.11,4.49,1.82,46.26,21.42,12.64,16.58,5.0838,1.31,8.15,5.57,76.82
2026-08-07,282,콘소리다테드에디손,Consolidated Edison,ED,107.98,20,100,🔴 목표가 초과 (고평가 관망),0.26,true,false,39930000000.0,8.96,4.57,3.24,6,111.21,Hold,19,17.74,,6.09,1.55,12.11,69.51,3.55,3.29,-3.54,58.33,-0.25,2.76,39.16,97.59,6.43,17.17,6.2889,2.67,6.68,69.66,37.29
2026-08-07,283,아기렌트테크놀로지스,Agilent Technologies,A,145.97,26,100,🔴 목표가 초과 (고평가 관망),1.23,false,false,41230000000.0,21.33,17.72,8.61,6,159.32,Buy,21,29.29,,4.98,5.78,23.45,25.24,1.02,0.7,1.05,20.47,1.74,2.59,56.27,53.18,11.3,23.1,6.319,2.04,9.56,25.25,78.62
2026-08-07,284,카니발,Carnival,CCL,28.99,65,100,🟡 적정가 형성,2.34,false,false,39710000000.0,26.69,11.73,5.37,7,35.55,Buy,30,13.3,,2.18,3.07,8.56,9.45,0.6,2.07,-1.09,20.65,0.98,1.1,26.38,21.53,12.1,12.42,2.3341,1.03,11.12,9.44,31.23
2026-08-07,285,로퍼테크놀로지스,Roper Technologies,ROP,402.25,46,100,🔴 목표가 초과 (고평가 관망),0.74,false,false,39780000000.0,13.07,6.66,4.23,7,440.25,Buy,20,16.92,,23.77,2.13,15.61,189.08,3.64,0.9,2.63,15.31,3.54,1.28,315.43,318.0,13.27,17.11,23.5096,1.29,9.73,188.85,298.93
2026-08-07,286,와터스,Waters,WAT,406.86,16,65,🔵 Trailing만 검증됨 (Forward 데이터 없음),1.18,true,false,39950000000.0,1.92,3.35,3.53,4,435.35,Buy,24,183.7,,2.21,2.63,69.32,154.73,,,-25.49,,-25.49,,,87.72,-13.21,26.04,15.6244,,12.28,154.7,
2026-08-07,287,더하트포드인슈어런스그룹,The Hartford Insurance Group,HIG,143.28,53,100,🔴 목표가 초과 (고평가 관망),0.46,false,false,38810000000.0,22.06,18.03,3.85,6,149.85,Buy,23,9.86,,15.48,2.02,,71.05,2.4,1.68,3.97,15.51,5.64,1.17,130.5,157.31,8.43,10.93,13.1089,1.3,2.79,70.93,122.76
2026-08-07,288,코인베이스,Coinbase Global,COIN,153.6,13,65,🔴 실적 역성장/적자 (위험),3.36,true,false,40530000000.0,-7.85,4.06,1.12,6,195.52,Buy,34,,,-3.73,3.1,43.99,49.59,,,4.45,,4.45,,,,6.47,134.91,1.1385,20.85,2.02,49.55,6.39
2026-08-07,289,아이큐비아,IQVIA,IQV,238.7,58,100,🟡 목표가 달성 (적정가),1.17,false,false,39290000000.0,22.82,9.8,5.06,6,275.17,Strong Buy,21,29.55,,8.08,6.37,15.8,37.49,,,4.89,,4.89,1.88,127.26,82.56,15.75,17.5,13.64,1.11,10.86,37.47,227.5
2026-08-07,290,나터아,Natera,NTRA,322.1,7,65,🔴 Trailing 실적 역성장/적자 (위험),1.51,true,false,46430000000.0,-12.54,-10.38,-8.2,4,316.95,Buy,21,,,-1.37,25.4,,12.68,,,-6.45,,-6.45,,,,,,,,,12.68,
2026-08-07,291,네타프,NetApp,NTAP,189.52,51,100,🔴 목표가 초과 (고평가 관망),1.43,false,false,37190000000.0,106.73,190.62,9.82,7,177.25,Buy,20,29.85,,6.35,27.5,19.39,6.89,2.08,1.1,3.83,32.76,4.93,2.15,88.33,31.38,13.91,21.28,8.906,1.53,8.98,6.89,154.85
2026-08-07,292,스틸디나미크스,Steel Dynamics,STLD,262.45,91,100,🟢 강력 저평가,1.53,false,false,37620000000.0,17.57,12.44,7.87,6,272.38,Buy,13,23.82,,11.02,4.0,15.5,65.59,2.12,0.81,3.89,19.24,4.7,0.67,385.7,127.53,35.45,13.12,20.0038,0.37,30.75,65.61,656.12
2026-08-07,293,로케트콤파니스,Rocket Companies,RKT,13.72,12,65,🔵 Trailing만 검증됨 (Forward 데이터 없음),2.21,true,false,38850000000.0,3.03,2.75,2.81,3,18.01,Buy,17,77.45,,0.18,1.65,26.58,8.32,,,-1656.47,,-1656.47,,,5.8,-1621.47,18.32,0.7489,,57.85,8.32,
2026-08-07,294,퍼블리크서비스엔터프라이즈그룹,Public Service Enterprise Group,PEG,75.66,35,100,🔴 목표가 초과 (고평가 관망),0.53,true,false,37710000000.0,11.84,4.53,3.24,5,86.97,Buy,23,18.82,,4.02,2.17,14.17,34.8,2.68,3.54,-0.1,66.66,3.44,1.71,44.14,56.1,10.98,16.73,4.5224,1.52,7.54,34.87,46.74
2026-08-07,295,아처대니얼스미들랜드,Archer-Daniels-Midland,ADM,76.59,67,100,🟢 저평가,0.61,true,false,36910000000.0,7.64,4.96,2.26,6,78.7,Hold,11,20.99,,3.65,1.57,15.13,48.91,2.08,2.72,-0.31,56.99,2.41,1.07,71.83,63.38,19.68,12.93,5.9234,0.66,17.27,48.78,106.66
2026-08-07,296,스트래티지(마이크로스트래티지),Strategy,MSTR,100.01,4,65,🔴 Trailing 실적 역성장/적자 (위험),3.55,true,false,38430000000.0,-63.56,-71.75,-38.73,3,257.5,Strong Buy,15,,,-99.3,1.2,,83.12,,,-24.59,,-24.59,,,,,2.54,39.374,,,83.34,
2026-08-07,297,켄부,Kenvue,KVUE,19.23,46,100,🔴 목표가 초과 (고평가 관망),0.43,false,false,36940000000.0,15.58,12.35,6.99,8,19.67,Hold,14,22.62,,0.85,3.5,13.9,5.5,0.84,4.37,0.26,98.82,4.63,1.95,9.85,10.26,11.59,15.77,1.2194,1.36,6.96,5.49,14.13
2026-08-07,298,에크스페디그룹,Expedia Group,EXPE,310.68,96,100,🟢 강력 저평가,1.25,false,false,37290000000.0,89.49,256.54,6.11,7,325.63,Buy,38,19.31,,16.09,30.84,10.52,10.08,1.92,0.62,6.17,11.44,6.78,0.75,416.57,60.41,25.89,14.22,21.8481,0.55,19.11,10.07,707.06
2026-08-07,299,더허세,The Hershey,HSY,182.35,82,100,🟢 저평가,0.1,false,false,36640000000.0,32.81,17.66,9.92,6,206.62,Buy,23,24.92,,7.32,8.03,15.52,22.71,5.81,3.19,-0.16,79.37,3.03,1.15,158.4,61.16,21.64,19.65,9.2799,0.91,18.61,22.71,240.42
2026-08-07,300,벌칸머티리얼스,Vulcan Materials,VMC,284.69,37,100,🔴 목표가 초과 (고평가 관망),1.06,false,false,36890000000.0,13.23,9.46,6.04,6,325.55,Buy,23,33.54,,8.48,4.35,17.59,65.41,2.08,0.73,1.02,24.53,1.75,1.78,159.93,111.71,18.86,28.76,9.8988,1.52,17.11,65.45,181.26
2026-08-07,301,어온만탠,Iron Mountain,IRM,121.15,14,85,🔴 극단적 고평가 (위험),1.22,true,true,36070000000.0,,5.32,4.63,6,144.5,Buy,11,86.36,40.25,1.4,,21.97,-4.3,3.46,2.85,-1.38,246.35,1.47,5.9,20.5,,14.64,47.61,2.5446,3.25,13.17,,36.22
2026-08-07,302,킴벌리클라크,Kimberly-Clark,KMB,109.68,27,100,🔴 목표가 초과 (고평가 관망),0.28,false,false,36480000000.0,104.91,25.35,10.19,6,118.6,Buy,16,21.72,,5.86,20.84,12.99,5.26,5.12,4.67,0.4,87.37,5.07,3.2,39.79,26.33,6.79,15.48,7.0853,2.28,1.72,5.26,60.14
2026-08-07,303,엠티뱅크,M&T Bank,MTB,250.45,76,85,🟢 강력 저평가,0.57,false,false,36170000000.0,10.74,,1.41,4,255.97,Hold,20,13.23,,18.94,1.42,,176.03,6.0,2.4,7.97,31.68,10.37,0.62,401.34,273.89,21.19,12.63,19.8298,0.6,11.19,176.37,405.44
2026-08-07,304,자빌,Jabil,JBL,341.22,84,100,🟢 저평가,1.3,false,false,35760000000.0,65.88,31.95,5.01,6,441.44,Buy,10,42.65,,8.0,27.04,18.4,12.62,0.32,0.09,4.5,4.0,4.59,1.36,251.04,47.66,31.38,21.71,15.7172,0.69,26.79,12.62,550.1
2026-08-07,305,엠코그룹,EMCOR Group,EME,816.9,70,100,🟡 적정가 형성,1.15,false,false,36030000000.0,40.35,36.81,12.03,4,1044.14,Buy,10,25.41,,32.14,8.86,16.7,92.2,1.6,0.2,2.43,4.51,2.63,1.2,682.33,258.21,21.23,23.51,34.7469,1.11,18.6,92.2,922.1
2026-08-07,306,비바시스템즈,Veeva Systems,VEEV,230.47,20,100,🔴 목표가 초과 (고평가 관망),0.92,false,false,37440000000.0,13.93,176.94,7.3,5,244.14,Buy,30,40.87,,5.64,5.14,30.37,44.83,,,-0.75,,-0.75,3.7,62.27,75.42,11.04,24.95,9.2373,2.26,11.79,44.84,110.77
2026-08-07,307,티케이오그룹,TKO Group,TKO,186.56,78,100,🟢 저평가,0.65,true,false,35310000000.0,7.06,7.84,4.5,5,232.47,Buy,22,65.43,,2.85,4.08,25.58,45.69,3.16,1.69,13.63,109.08,15.32,1.64,99.75,54.13,40.0,34.52,5.4044,0.86,42.4,45.73,189.15
2026-08-07,308,더블유이씨에너지그룹,WEC Energy Group,WEC,107.63,20,100,🔴 목표가 초과 (고평가 관망),0.46,true,false,35070000000.0,11.99,4.27,3.02,5,123.03,Buy,20,20.84,,5.17,2.48,15.16,43.38,3.81,3.54,-2.81,73.76,0.73,2.61,41.31,71.04,7.99,19.73,5.4551,2.47,7.26,43.4,41.02
2026-08-07,309,크로거,Kroger,KR,56.73,96,100,🟢 강력 저평가,0.41,false,false,34760000000.0,13.78,14.44,5.77,7,70.64,Buy,24,34.73,,1.63,5.37,9.62,10.56,1.56,2.75,8.73,95.49,11.48,2.08,27.27,19.68,16.73,10.79,5.2576,0.64,6.73,10.56,88.44
2026-08-07,310,헌팅톤반크사레스,Huntington Bancshares,HBAN,17.55,19,50,🔵 Trailing만 검증됨 (Forward 데이터 없음),0.95,false,false,35460000000.0,9.0,,0.98,4,20.15,Buy,19,13.67,,1.28,1.19,,14.72,0.62,3.53,-18.32,48.28,-14.79,,,20.59,-3.46,10.27,1.7089,,11.33,14.75,
2026-08-07,311,레이먼드제임스,Raymond James Financial,RJF,176.56,85,100,🟢 저평가,0.92,false,false,33960000000.0,18.42,12.33,2.58,5,185.92,Buy,14,15.38,,11.48,2.67,8.21,66.1,2.16,1.22,3.88,18.82,5.1,0.81,219.27,130.67,19.1,12.81,13.783,0.67,14.0,66.13,270.36
2026-08-07,312,우비크위티,Ubiquiti,UI,566.27,45,65,🔵 Trailing만 검증됨 (Forward 데이터 없음),1.31,false,false,34270000000.000004,115.01,109.8,45.91,6,826.0,Hold,2,36.42,,15.55,28.51,30.19,19.86,3.2,0.57,-0.08,20.58,0.48,,,83.36,,34.2,16.5576,,,19.86,
2026-08-07,313,잉거솔랜드,Ingersoll Rand,IR,86.97,20,100,🔴 목표가 초과 (고평가 관망),1.16,false,false,33740000000.000004,9.47,8.47,5.1,6,94.62,Buy,14,35.77,,2.43,3.32,19.01,26.23,0.08,0.09,2.81,3.29,2.9,3.07,28.31,37.87,11.65,23.81,3.6527,2.04,8.75,26.2,40.08
2026-08-07,314,벤터글로벌,Venture Global,VG,13.26,69,95,🟢 강력 저평가,,false,false,32939999999.999996,25.52,9.3,6.45,4,16.37,Buy,19,14.73,,0.9,4.55,11.11,2.91,0.08,0.6,-1.26,7.78,-0.66,0.97,13.63,7.68,15.15,8.51,1.5582,0.56,15.81,2.91,25.59
2026-08-07,315,노선트러스트,Northern Trust,NTRS,185.5,77,85,🟢 강력 저평가,1.26,false,false,33939999999.999996,17.07,,1.28,3,184.27,Hold,15,15.96,,11.63,2.71,,68.41,3.52,1.9,4.72,30.28,6.61,0.65,286.91,133.8,24.67,15.65,11.853,0.63,18.06,68.45,295.54
2026-08-07,316,뢰알티파마,Royalty Pharma,RPRX,56.77,79,100,🟢 저평가,0.43,true,false,32640000000.0,13.97,5.35,5.09,6,63.75,Buy,9,30.45,,1.86,3.7,26.88,15.33,0.94,1.66,3.88,50.42,5.54,2.01,28.23,25.33,15.18,10.59,5.3607,0.7,9.64,15.34,78.02
2026-08-07,317,타페스트리,Tapestry,TPR,162.36,89,100,🟢 저평가,1.46,false,false,32799999999.999996,60.91,41.22,16.44,7,168.2,Buy,22,52.23,,3.11,48.13,32.16,3.37,1.6,0.99,6.53,51.47,7.51,1.88,86.36,15.36,27.77,21.15,7.6766,0.76,20.26,3.37,266.47
2026-08-07,318,크라운캐슬,Crown Castle,CCI,75.59,17,85,🔴 목표가 초과 (고평가 관망),0.97,true,true,32159999999.999996,,5.2,4.73,6,95.47,Buy,22,30.85,19.07,1.97,,20.24,-7.68,4.25,5.62,-0.58,216.28,5.05,2.29,26.58,,13.49,28.43,2.6588,2.11,8.44,,34.85
2026-08-07,319,조에티스,Zoetis,ZTS,72.66,90,100,🟢 저평가,0.73,false,false,30020000000.0,64.91,27.28,15.35,6,104.19,Buy,19,11.85,,6.13,9.56,9.53,7.6,2.12,2.92,4.22,34.59,7.14,0.81,90.11,32.38,14.7,11.3,6.4301,0.77,7.56,7.6,118.15
2026-08-07,320,리스메드,ResMed,RMD,211.94,52,65,🔵 Trailing만 검증됨 (Forward 데이터 없음),0.75,false,false,30570000000.0,24.27,26.23,14.0,6,247.2,Buy,18,20.32,,10.43,4.66,14.05,45.51,2.4,1.13,0.87,23.01,2.01,,,103.34,,17.53,12.0901,,,45.48,
2026-08-07,321,마틴마리타머티리얼스,Martin Marietta Materials,MLM,548.57,20,100,🔴 목표가 초과 (고평가 관망),1.11,true,false,32950000000.000004,8.89,6.66,4.57,5,663.74,Buy,23,35.64,,40.67,2.85,18.96,192.27,3.32,0.61,1.11,8.16,1.71,2.83,512.85,419.45,12.61,27.87,19.6832,2.21,10.9,192.48,230.91
2026-08-07,322,이큐티,EQT,EQT,51.69,57,100,🟡 목표가 달성 (적정가),0.58,false,false,32330000000.0,11.08,9.7,6.63,7,67.68,Strong Buy,25,11.99,,4.31,1.28,5.61,40.38,0.66,1.28,-5.93,15.31,-4.65,0.81,63.79,62.58,14.8,15.01,3.4437,1.01,19.45,40.38,48.81
2026-08-07,323,체니에너지파트너스,Cheniere Energy Partners,CQP,64.71,12,65,🔴 실적 역성장/적자 (위험),0.3,false,false,31320000000.0,1516.91,16.28,13.96,7,60.0,Sell,13,11.73,,5.52,8.48,9.89,7.63,3.27,5.05,,59.28,5.05,4.31,15.01,30.78,2.72,12.33,5.2482,4.53,-2.33,7.63,16.93
2026-08-07,324,테레딘테크놀로지스,Teledyne Technologies,TDY,691.3,16,100,🔴 극단적 고평가 (위험),0.92,false,false,32049999999.999996,9.15,8.08,5.14,8,754.33,Buy,12,33.44,,20.67,2.93,21.33,235.54,,,0.42,,0.42,3.36,235.94,330.97,9.96,32.01,21.5964,3.21,9.54,235.94,235.94
2026-08-07,325,지헬스케어테크놀로지스,GE HealthCare Technologies,GEHC,71.77,47,100,🔴 목표가 초과 (고평가 관망),0.82,false,false,32420000000.0,19.38,11.83,5.13,5,82.5,Buy,19,16.54,,4.34,2.95,12.24,24.3,0.14,0.2,0.55,3.23,0.74,1.64,43.66,48.71,10.06,13.87,5.1745,1.38,9.32,24.33,53.78
2026-08-07,326,센텐,Centene,CNC,65.77,15,65,🔴 실적 역성장/적자 (위험),1.1,true,false,32490000000.000004,-20.36,8.77,2.48,6,71.67,Buy,21,,,-10.36,1.44,,45.67,,,2.48,,2.48,,,,37.48,14.23,4.6219,0.38,46.47,45.67,153.57
2026-08-07,327,에크스트라스파스스토라지,Extra Space Storage,EXR,149.54,9,100,🔴 극단적 고평가 (위험),1.18,true,true,33000000000.0,6.95,5.36,3.36,5,157.6,Buy,21,33.06,18.63,4.52,2.38,21.84,62.75,6.48,4.33,-2.02,143.26,2.32,6.33,23.59,79.89,5.22,31.68,4.7203,6.07,2.9,62.83,22.47
2026-08-07,328,데크스콤,DexCom,DXCM,84.75,59,100,🟡 목표가 달성 (적정가),1.41,false,false,31980000000.0,38.49,44.49,10.33,7,93.44,Strong Buy,28,33.41,,2.54,12.2,22.4,6.95,,,2.61,,2.61,1.41,60.35,19.93,23.76,30.14,2.8119,1.27,21.15,6.95,83.51
2026-08-07,329,에스티로더,Estee Lauder Companies,EL,88.35,16,65,🔴 실적 역성장/적자 (위험),1.25,true,false,31960000000.0,-5.95,-21.94,4.87,6,95.85,Buy,28,,,-0.69,8.01,30.83,11.04,1.4,1.58,-0.51,,1.07,,,,36.07,29.31,3.0143,0.81,36.48,11.03,92.42
2026-08-07,330,카세스제너럴스토어스,Casey's General Stores,CASY,833.95,16,100,🔴 극단적 고평가 (위험),0.62,false,false,30860000000.0,19.15,12.61,7.61,7,957.39,Buy,20,43.53,,19.16,7.79,22.41,107.08,2.6,0.31,0.16,13.57,0.48,3.81,218.81,214.85,11.42,39.11,21.3232,3.42,10.94,107.05,252.42
2026-08-07,331,시티젠스파이낸셜그룹,Citizens Financial Group,CFG,72.67,71,85,🟢 강력 저평가,1.01,true,false,30610000000.0,8.27,,0.94,4,80.59,Buy,18,15.83,,4.59,1.28,,56.95,1.84,2.53,2.67,40.08,5.2,0.52,140.27,76.69,30.56,12.29,5.9129,0.4,25.36,56.77,171.39
2026-08-07,332,온세미컨덕터,ON Semiconductor,ON,81.17,31,45,🔵 Trailing만 검증됨 (Forward 데이터 없음),2.02,true,false,31600000000.0,8.31,15.6,6.75,5,108.88,Buy,29,52.01,,1.56,4.38,22.24,18.54,,,4.88,,,,,25.51,,20.92,3.88,,36.14,18.53,
2026-08-07,333,아티,ATI,ATI,227.84,41,45,🔵 Trailing만 검증됨 (Forward 데이터 없음),1.01,false,false,31030000000.0,25.36,18.44,8.79,5,243.22,Strong Buy,9,66.84,,3.41,16.53,36.38,13.78,,,4.0,,,,,32.52,,41.61,5.4756,,29.81,13.78,
2026-08-07,334,바이오젠,Biogen,BIIB,207.94,20,100,🔴 목표가 초과 (고평가 관망),0.16,true,false,30720000000.0,4.58,8.86,5.21,4,235.32,Buy,36,36.88,,5.64,1.63,17.44,127.61,,,-1.2,,-1.2,6.34,32.82,127.25,5.82,15.67,13.2699,2.69,7.02,127.57,70.34
2026-08-07,335,아머엔,Ameren,AEE,108.84,20,100,🔴 목표가 초과 (고평가 관망),0.48,true,false,30130000000.0,11.94,4.4,3.06,4,121.5,Buy,17,19.2,,5.67,2.2,13.26,49.45,3.0,2.76,-2.22,52.93,0.53,2.28,47.68,79.43,8.41,19.64,5.5418,2.34,7.88,49.47,43.87
2026-08-07,336,라스베가스산드스,Las Vegas Sands,LVS,45.77,90,100,🟢 저평가,0.84,false,false,29640000000.0,122.87,19.81,9.55,6,59.07,Buy,20,17.75,,2.58,51.05,9.17,0.9,1.2,2.62,6.01,44.6,8.63,1.02,44.84,7.23,17.38,13.83,3.3095,0.8,8.75,0.9,69.89
2026-08-07,337,몽고디비,MongoDB,MDB,398.8,6,65,🔴 실적 역성장/적자 (위험),1.55,true,false,32080000000.0,-0.97,-2.19,-1.82,3,396.21,Buy,40,,,-0.37,10.94,,36.46,,,-5.87,,-5.87,,,,16.07,63.04,6.3261,3.92,21.94,36.45,86.41
2026-08-07,338,줌커뮤니케이션스,Zoom Communications,ZM,104.5,22,100,🔴 목표가 초과 (고평가 관망),1.04,false,false,30640000000.0,21.95,43.6,6.55,4,115.0,Buy,31,15.35,,6.81,3.08,17.37,33.97,,,3.25,,3.25,2.0,52.3,72.15,7.68,17.38,6.0127,2.26,4.43,33.93,53.54
2026-08-07,339,크래프트하인즈,The Kraft Heinz,KHC,25.32,11,65,🔴 실적 역성장/적자 (위험),0.08,true,false,30030000000.0,-8.76,8.05,3.63,5,25.03,Hold,19,,,-2.87,0.83,,30.36,1.6,6.32,1.13,,7.45,,,,1.91,12.68,1.9968,6.64,-5.54,30.51,3.37
2026-08-07,340,카팡,Coupang,CPNG,16.23,15,65,🔴 실적 역성장/적자 (위험),1.16,true,false,29170000000.0,-19.99,-21.79,-2.14,4,23.82,Buy,18,,,-0.43,9.74,,1.67,,,1.94,,1.94,,,,36.94,115.93,0.14,3.14,78.18,1.67,4.4
2026-08-07,341,트윌리오,Twilio,TWLO,241.28,20,100,🔴 목표가 초과 (고평가 관망),1.38,true,false,36620000000.0,13.5,4.9,2.05,4,244.66,Buy,32,33.36,,7.23,4.11,77.9,58.76,,,-0.19,,-0.19,2.04,118.36,97.77,16.37,39.07,6.1756,2.39,16.56,58.71,96.41
2026-08-07,342,신치로니파이낸셜,Synchrony Financial,SYF,78.59,78,85,🟢 강력 저평가,1.31,false,false,25570000000.0,20.79,,2.9,4,89.09,Buy,24,8.05,,9.77,1.68,,46.71,1.36,1.73,9.8,13.92,11.53,0.43,182.02,101.33,18.63,8.15,9.6429,0.44,8.63,46.78,188.25
2026-08-07,343,이루미나,Illumina,ILMN,187.96,31,100,🔴 목표가 초과 (고평가 관망),1.46,false,false,28380000000.0,32.34,17.35,8.67,6,195.83,Hold,19,35.0,,5.37,10.0,25.77,18.79,,,2.84,,2.84,2.17,86.46,47.65,16.1,33.03,5.6906,2.05,13.26,18.8,109.45
2026-08-07,344,비시프로퍼티스,VICI Properties,VICI,26.74,47,65,🔵 Trailing만 검증됨 (Forward 데이터 없음),0.69,false,true,29440000000.0,9.85,7.75,4.82,3,32.79,Buy,25,10.38,10.38,2.58,1.01,12.91,26.49,1.8,6.73,-1.85,69.87,4.89,,,39.21,,9.17,2.916,,,26.48,
2026-08-07,345,디티이에너지,DTE Energy,DTE,139.87,31,100,🔴 목표가 초과 (고평가 관망),0.4,true,false,29110000000.0,11.03,3.89,2.77,5,161.37,Buy,18,22.14,,6.32,2.4,17.63,58.38,4.66,3.33,,73.77,3.33,2.09,66.93,91.11,10.59,17.16,8.1509,1.62,7.26,58.28,80.54
2026-08-07,346,윌리엄스소노마,Williams-Sonoma,WSM,251.78,41,100,🔴 목표가 초과 (고평가 관망),1.47,false,false,29650000000.0,54.01,40.69,17.36,6,214.65,Buy,23,28.19,,8.93,15.85,18.5,15.88,3.04,1.21,3.68,31.79,4.88,1.98,126.9,56.49,14.21,26.4,9.5371,1.86,9.33,15.89,169.4
2026-08-07,347,리디트,Reddit,RDDT,161.7,58,100,🟡 적정가 형성,2.03,false,false,31110000000.0,30.71,163.87,15.65,6,216.35,Buy,34,37.69,,4.29,9.46,35.36,17.08,,,-8.43,,-8.43,1.42,113.99,40.6,26.57,26.84,6.0246,1.01,37.51,17.09,199.63
2026-08-07,348,에버퍼,Everpure,P,90.05,33,100,🔴 목표가 초과 (고평가 관망),1.41,false,false,29930000000.0,16.85,101.98,2.42,7,93.89,Buy,20,138.51,,0.65,20.73,89.51,4.34,,,-1.03,,-1.03,7.25,12.41,7.97,19.1,35.56,2.5323,1.86,20.13,4.34,53.61
2026-08-07,349,알니람파마슈티컬스,Alnylam Pharmaceuticals,ALNY,219.2,42,45,🔵 Trailing만 검증됨 (Forward 데이터 없음),0.28,false,false,29330000000.0,96.55,96.6,12.34,6,375.76,Buy,27,39.01,,5.62,21.65,27.51,10.13,,,-7.12,,,,,35.79,,25.52,8.5893,,44.64,10.12,
2026-08-07,350,피서브,Fiserv,FISV,52.41,78,100,🟢 저평가,0.8,false,false,27870000000.0,10.69,6.85,3.44,6,62.37,Hold,36,10.05,,5.22,1.03,6.93,50.67,,,5.21,,5.21,0.98,53.66,77.14,10.28,7.05,7.434,0.69,5.07,50.88,72.07
2026-08-07,351,인스메드,Insmed,INSM,131.1,8,65,🔴 Trailing 실적 역성장/적자 (위험),0.79,true,false,28630000000.0,-87.22,-29.14,-22.17,3,200.5,Strong Buy,23,,,-4.09,37.78,,3.47,,,-18.73,,-18.73,,,,,,,,,3.47,
2026-08-07,352,아트모스에너지,Atmos Energy,ATO,170.19,20,100,🔴 목표가 초과 (고평가 관망),0.6,true,false,28760000000.0,9.79,4.81,3.89,4,188.92,Hold,15,20.18,,8.43,1.88,14.85,90.29,4.0,2.35,-4.62,47.43,-2.27,2.79,61.03,130.87,7.24,18.98,8.9668,2.62,9.51,90.53,60.28
2026-08-07,353,포티스,Fortis,FTS,56.1,17,100,🔴 극단적 고평가 (위험),0.43,true,false,28580000000.0,7.47,3.64,2.96,4,55.0,Hold,16,23.49,,2.39,1.48,14.24,32.63,1.84,3.27,-1.59,76.7,1.68,3.4,16.49,41.89,6.9,20.97,2.6753,3.04,5.22,37.91,16.77
2026-08-07,354,도버,Dover,DOV,211.13,35,100,🔴 목표가 초과 (고평가 관망),1.16,false,false,28440000000.0,14.91,13.21,7.06,7,247.56,Buy,18,25.52,,8.31,3.69,16.52,57.2,2.08,0.99,1.17,25.03,2.16,2.2,96.4,103.42,11.6,18.78,11.2423,1.62,9.44,57.22,130.78
2026-08-07,355,엘피엘파이낸셜,LPL Financial,LPLA,362.63,66,100,🟢 저평가,0.48,false,false,28550000000.0,18.59,11.54,5.4,3,430.86,Buy,16,28.91,,12.55,4.99,13.42,72.72,1.2,0.33,-4.91,9.57,-4.58,1.71,212.72,143.3,16.95,15.63,23.2009,0.92,21.53,72.67,402.69
2026-08-07,356,크시렘,Xylem,XYL,120.32,30,100,🔴 목표가 초과 (고평가 관망),1.01,false,false,28090000000.0,9.18,8.99,5.11,5,153.41,Buy,23,28.63,,4.2,2.7,15.84,44.63,1.72,1.43,0.7,40.92,2.13,2.28,52.75,64.94,12.56,20.58,5.8465,1.64,10.43,44.56,69.17
2026-08-07,357,도라제너럴,Dollar General,DG,126.59,34,100,🔴 목표가 초과 (고평가 관망),0.24,false,false,27920000000.0,18.91,7.67,4.63,7,131.76,Buy,31,17.9,,7.07,3.16,12.72,40.09,2.36,1.86,-0.51,33.38,1.35,1.77,71.41,79.86,10.1,16.76,7.5531,1.66,8.75,40.06,77.13
2026-08-07,358,오티스월드와이드,Otis Worldwide,OTIS,73.99,45,85,🔴 목표가 초과 (고평가 관망),0.88,false,false,28170000000.0,,65.33,14.25,6,90.5,Buy,14,19.01,,3.89,,14.71,-15.1,1.76,2.38,2.55,45.23,4.93,1.44,51.19,,13.16,17.23,4.2943,1.31,8.23,,62.16
2026-08-07,359,글로발판드리스,GlobalFoundries,GFS,53.93,57,100,🟡 목표가 달성 (적정가),1.8,true,false,29590000000.0,6.17,6.1,2.98,7,77.0,Buy,21,42.12,,1.28,2.5,13.65,21.54,0.48,0.89,-1.0,18.75,-0.11,1.62,33.27,24.91,25.99,23.95,2.2518,0.92,26.1,21.57,53.25
2026-08-07,360,니티일렉트로닉스,Qnity Electronics,Q,138.0,42,95,🔴 목표가 초과 (고평가 관망),,true,false,28870000000.0,6.72,7.36,5.31,4,176.75,Strong Buy,8,49.45,,2.79,3.98,22.43,34.68,0.32,0.23,-0.41,10.75,-0.17,2.23,61.85,46.66,22.17,28.62,4.8218,1.29,22.34,34.67,98.22
2026-08-07,361,카펜터테크놀로지,Carpenter Technology,CRS,570.66,34,100,🔴 목표가 초과 (고평가 관망),1.28,false,false,28350000000.0,25.75,22.68,11.98,8,608.11,Strong Buy,9,54.25,,10.52,12.78,33.74,44.64,0.8,0.14,0.59,7.6,0.73,2.49,229.23,102.79,21.79,42.66,13.3769,1.96,21.06,44.65,345.84
2026-08-07,362,신시나티파이낸셜,Cincinnati Financial,CINF,176.86,35,100,🔴 목표가 초과 (고평가 관망),0.55,false,false,27140000000.0,21.48,19.74,6.41,6,190.83,Hold,8,8.35,,21.19,1.63,6.02,108.68,3.76,2.13,0.57,17.74,2.7,0.96,185.2,227.63,8.74,20.24,8.7381,2.32,6.04,108.5,108.5
2026-08-07,363,퍼스트에너지,FirstEnergy,FE,47.47,38,100,🔴 목표가 초과 (고평가 관망),0.45,true,false,27470000000.0,9.49,4.96,3.68,5,53.23,Buy,17,25.37,,1.87,2.12,15.08,22.35,1.86,3.92,-0.17,99.42,3.75,2.22,21.34,30.67,11.41,16.51,2.8752,1.45,7.66,22.39,30.42
2026-08-07,364,에버사스에너지,Eversource Energy,ES,72.33,16,100,🔴 극단적 고평가 (위험),0.7,true,false,27240000000.0,9.02,4.47,3.3,6,74.08,Hold,17,18.73,,3.86,1.67,10.43,43.39,3.15,4.36,-2.65,81.58,1.71,3.85,18.8,61.39,4.87,15.47,4.6755,3.18,3.16,43.31,21.0
2026-08-07,365,할리버튼,Halliburton,HAL,31.89,86,100,🟢 저평가,0.75,false,false,26570000000.0,14.92,13.46,7.26,6,43.52,Buy,28,16.72,,1.91,2.42,8.78,13.2,0.68,2.13,3.33,35.66,5.47,0.99,32.24,23.82,16.88,12.49,2.5532,0.74,11.41,13.18,43.31
2026-08-07,366,코파트,Copart,CPRT,29.66,20,100,🔴 목표가 초과 (고평가 관망),1.01,false,false,27460000000.0,17.61,29.98,11.34,5,40.3,Buy,13,18.42,,1.61,3.13,12.17,9.48,,,0.91,,0.91,3.01,9.84,18.53,6.11,18.14,1.6351,2.97,5.2,9.48,11.15
2026-08-07,367,후벨,Hubbell,HUBB,513.99,38,100,🔴 목표가 초과 (고평가 관망),0.9,false,false,27160000000.0,24.44,13.6,8.43,6,566.3,Buy,12,30.42,,16.9,6.94,21.64,74.04,5.68,1.11,1.02,33.62,2.13,2.17,236.43,167.79,13.99,23.76,21.6326,1.7,11.86,74.06,332.21
2026-08-07,368,아메리칸와터워크스,American Water Works,AWK,135.31,20,100,🔴 목표가 초과 (고평가 관망),0.58,true,false,26890000000.0,10.1,4.62,3.52,5,140.18,Hold,13,23.46,,5.77,2.31,14.81,58.7,3.58,2.65,-0.26,62.06,2.39,2.23,60.64,87.3,10.51,23.2,5.8323,2.21,8.12,58.58,57.01
2026-08-07,369,센터푄트에너지,CenterPoint Energy,CNP,40.68,20,100,🔴 목표가 초과 (고평가 관망),0.46,true,false,26800000000.0,9.82,4.01,3.0,5,46.38,Buy,18,24.22,,1.68,2.29,13.07,17.79,0.92,2.26,-1.25,54.77,1.01,2.41,16.87,25.93,10.04,20.47,1.9873,2.04,9.03,17.76,18.47
2026-08-07,370,리긴스파이낸셜,Regions Financial,RF,31.43,68,85,🟢 저평가,1.01,false,false,26780000000.0,11.87,,1.39,3,32.93,Hold,22,12.78,,2.46,1.53,,20.49,1.2,3.82,3.95,48.78,7.77,0.74,42.66,33.68,17.34,11.64,2.7002,0.67,9.57,20.54,45.53
2026-08-07,371,더블유알버클레,W.R. Berkley,WRB,71.6,40,100,🔴 목표가 초과 (고평가 관망),0.29,false,false,27820000000.0,20.21,15.65,3.56,6,69.29,Hold,18,14.73,,4.86,2.83,11.44,25.31,1.9,2.65,1.11,38.48,3.77,1.56,46.02,52.61,9.47,15.2,4.7105,1.61,5.7,25.3,47.84
2026-08-07,372,아발론베이,AvalonBay Communities,AVB,187.55,10,100,🔴 극단적 고평가 (위험),0.77,true,true,26930000000.0,8.49,4.35,2.63,5,201.33,Hold,20,25.73,16.64,7.29,2.21,19.93,84.85,7.12,3.8,0.5,97.68,4.29,4.06,46.15,117.97,6.33,36.34,5.161,5.74,2.04,84.86,29.99
2026-08-07,373,베리사인,VeriSign,VRSN,294.56,20,70,🔴 목표가 초과 (고평가 관망),0.7,false,false,26600000000.0,,,45.12,7,318.0,Buy,5,31.99,,9.21,,23.53,-24.93,3.24,1.1,3.3,34.75,4.4,1.98,148.56,,16.13,29.01,10.1537,1.8,11.73,,163.78
2026-08-07,374,커티스라이트,Curtiss-Wright,CW,691.52,20,100,🔴 목표가 초과 (고평가 관망),0.88,false,false,25540000000.0,19.75,16.5,8.49,7,810.83,Buy,7,47.58,,14.54,9.22,32.54,75.0,1.04,0.15,2.21,7.16,2.36,3.0,230.75,156.64,15.87,42.57,16.2443,2.68,13.51,75.0,277.13
2026-08-07,375,크웨스트디그노스티크스,Quest Diagnostics,DGX,238.35,31,100,🔴 목표가 초과 (고평가 관망),0.55,false,false,26310000000.0,14.6,9.55,6.4,5,245.87,Buy,17,25.31,,9.42,3.49,13.61,68.33,3.44,1.44,0.88,36.53,2.32,2.05,116.53,120.34,12.37,20.8,11.4591,1.68,10.05,68.3,138.98
2026-08-07,376,지스케일러,Zscaler,ZS,168.68,8,65,🔴 실적 역성장/적자 (위험),0.92,true,false,27280000000.0,-3.71,-2.32,-1.36,3,192.55,Buy,46,,,-0.49,11.53,118.76,14.63,,,-3.74,,-3.74,,,,14.66,38.03,4.4354,2.59,18.4,14.63,55.27
2026-08-07,377,퍼스트소라,First Solar,FSLR,250.05,78,100,🟢 강력 저평가,1.75,false,false,26870000000.0,18.51,20.58,8.62,7,255.26,Buy,35,15.42,,16.22,2.6,10.62,96.03,,,-0.12,,-0.12,0.59,424.15,187.21,26.15,11.97,20.8897,0.46,26.27,96.17,599.03
2026-08-07,378,에이에스티스파세모빌,AST SpaceMobile,ASTS,71.94,4,65,🔴 Trailing 실적 역성장/적자 (위험),2.74,true,false,27920000000.0,-37.75,-6.78,-6.3,3,80.48,Hold,13,,,-1.79,10.33,,6.97,,,-51.37,,-51.37,,,,,,,,,6.96,
2026-08-07,379,피피엘,PPL,PPL,35.46,26,100,🔴 목표가 초과 (고평가 관망),0.59,true,false,26690000000.0,8.63,4.2,3.2,5,41.6,Buy,16,20.97,,1.69,1.77,12.41,20.0,1.14,3.22,-1.31,67.42,1.9,2.08,17.02,27.58,10.07,17.22,2.0592,1.71,8.17,20.03,19.04
2026-08-07,380,피피지인더스트리스,PPG Industries,PPG,119.72,56,100,🟡 목표가 달성 (적정가),1.06,false,false,26610000000.0,19.3,11.63,6.05,6,125.7,Buy,23,17.18,,6.99,3.15,11.96,37.98,2.96,2.47,2.53,42.35,5.01,1.34,89.33,77.29,12.78,14.54,8.2338,1.14,7.77,38.01,108.54
2026-08-07,381,코페,Corpay,CPAY,392.94,89,100,🟢 강력 저평가,0.87,false,false,25680000000.0,29.22,13.21,5.71,5,446.71,Buy,15,23.94,,16.41,7.27,12.56,54.04,,,3.28,,3.28,1.06,370.05,141.25,22.55,13.48,29.1499,0.6,19.27,54.05,750.87
2026-08-07,382,폭스,Fox,FOXA,64.03,79,100,🟡 적정가 형성,0.54,false,false,26870000000.0,14.29,17.37,9.5,7,71.56,Buy,18,16.67,,3.84,2.31,7.79,27.71,0.58,0.91,4.77,14.85,5.68,1.44,44.47,48.93,11.58,11.04,5.7998,0.95,5.9,27.72,69.4
2026-08-07,383,라브코프,Labcorp,LH,319.17,37,100,🔴 목표가 초과 (고평가 관망),0.84,false,false,25880000000.0,11.73,8.69,5.53,7,335.56,Buy,18,26.43,,12.08,3.0,14.85,106.39,2.88,0.9,1.49,23.85,2.39,2.35,135.78,170.05,11.24,16.86,18.9306,1.5,8.85,106.39,203.78
2026-08-07,384,퍼스트시티젠스반크사레스,First Citizens BancShares,FCNCA,2218.49,69,85,🟢 저평가,0.6,false,false,25270000000.0,10.65,,1.01,4,2338.5,Hold,12,11.9,,186.44,1.26,,1767.72,8.4,0.38,11.7,4.51,12.08,0.72,3091.18,2723.12,16.58,11.86,187.0565,0.72,6.58,1760.71,2990.68
2026-08-07,385,에디손인터내셔널,Edison International,EIX,68.62,38,100,🔴 목표가 초과 (고평가 관망),0.65,true,false,26410000000.0,19.73,6.26,4.09,5,76.04,Hold,17,7.08,,9.69,1.51,7.09,45.34,3.51,5.12,0.26,36.23,5.37,1.0,68.41,99.42,7.06,11.01,6.2325,1.56,1.69,45.44,44.59
2026-08-07,386,HP,HP,HPQ,30.05,47,85,🟡 목표가 달성 (적정가),1.19,false,false,27480000000.0,,29.97,5.88,6,22.98,Hold,17,11.09,,2.71,,8.58,-0.16,1.2,3.99,3.1,44.3,7.09,1.25,23.98,,8.85,10.98,2.7368,1.24,1.76,,26.64
2026-08-07,387,로블로크스,Roblox,RBLX,37.79,6,65,🔴 Trailing 실적 역성장/적자 (위험),1.46,true,false,27000000000.0,-432.27,-33.25,-7.73,3,51.03,Buy,36,,,-1.41,177.59,,0.21,,,-6.06,,-6.06,,,,,,,,,0.21,
2026-08-07,388,아펌,Affirm,AFRM,75.25,53,100,🟡 목표가 달성 (적정가),3.62,true,false,25200000000.0,11.49,2.85,1.74,7,90.77,Buy,34,71.1,,1.06,6.66,51.5,11.3,,,-12.91,,-12.91,3.22,23.42,16.42,22.09,20.69,3.637,0.94,39.36,11.3,74.86
2026-08-07,389,코그니잔트테크놀로지솔루션스,Cognizant Technology Solutions,CTSH,57.67,91,100,🟢 강력 저평가,0.81,false,false,25980000000.0,14.92,14.78,10.73,4,64.1,Buy,29,12.42,,4.64,1.8,18.96,32.0,1.32,2.29,3.24,28.43,5.53,0.84,68.49,57.8,14.76,9.52,6.0578,0.64,9.23,32.04,90.84
2026-08-07,390,사크닌자,SharkNinja,SN,185.52,48,100,🔴 목표가 초과 (고평가 관망),1.17,false,false,26130000000.0,27.53,24.74,11.83,7,203.41,Strong Buy,12,37.86,,4.9,9.19,23.84,20.18,,,-0.29,,-0.29,2.28,81.49,47.17,16.63,26.24,7.0701,1.58,16.92,20.19,142.89
2026-08-07,391,에초스타,EchoStar,ECHO,90.04,15,65,🔴 Trailing 실적 역성장/적자 (위험),1.01,true,false,26160000000.0,-33.43,3.24,1.32,6,128.43,Strong Buy,6,,,-19.64,1.85,,48.73,,,-2.51,,-2.51,,,,,11.37,7.9191,,,48.67,
2026-08-07,392,제이비헌트트란스포트서비시스,J.B. Hunt Transport Services,JBHT,268.52,78,100,🟡 적정가 형성,1.3,false,false,25220000000.0,18.45,14.18,7.38,6,305.45,Buy,24,38.09,,7.05,6.9,15.07,38.94,1.8,0.67,4.92,25.53,5.59,1.23,218.97,78.59,31.06,30.32,8.8562,0.98,25.47,38.92,286.82
2026-08-07,393,엔알지에너지,NRG Energy,NRG,118.13,83,100,🟢 강력 저평가,1.2,true,false,24830000000.0,23.77,6.23,4.06,5,193.29,Buy,17,30.54,,3.87,5.91,12.61,19.99,1.9,1.61,1.94,49.12,3.55,1.57,75.12,41.72,19.41,11.56,10.2189,0.6,15.86,19.99,209.0
2026-08-07,394,에크위티레지덴셜,Equity Residential,EQR,67.07,20,100,🔴 목표가 초과 (고평가 관망),0.75,true,true,25770000000.0,8.02,4.5,2.67,6,73.05,Buy,20,29.05,17.19,2.31,2.4,18.08,28.0,2.81,4.19,1.06,121.71,5.25,1.71,39.2,38.15,16.97,45.15,1.4855,2.66,11.72,27.95,23.08
2026-08-07,395,리버티미디어,Liberty Media,FWONK,102.85,26,100,🔴 목표가 초과 (고평가 관망),0.73,true,false,25710000000.0,2.73,2.59,2.22,5,118.63,Strong Buy,16,104.53,,0.84,2.86,30.61,31.72,,,-4.36,,-4.36,3.41,25.74,24.48,30.64,44.35,2.3191,1.45,90.44,35.96,61.98
2026-08-07,396,오크타,Okta,OKTA,148.32,20,100,🔴 목표가 초과 (고평가 관망),0.76,true,false,25780000000.0,3.67,3.3,1.14,6,129.02,Buy,44,107.4,,1.38,3.77,89.74,39.34,,,1.34,,1.34,8.38,17.69,34.95,12.82,37.66,3.9384,2.94,11.48,39.34,44.51
2026-08-07,397,도라트리,Dollar Tree,DLTR,130.9,89,100,🟢 저평가,0.67,false,false,25160000000.0,33.98,12.94,6.74,7,127.32,Hold,27,21.03,,6.36,7.22,13.14,18.13,,,5.81,,5.81,1.08,124.34,50.94,19.55,18.28,7.1608,0.94,13.74,18.13,162.08
2026-08-07,398,프린시팔파이낸셜그룹,Principal Financial Group,PFG,113.4,84,100,🟢 저평가,0.88,false,false,24280000000.0,12.95,9.63,0.35,5,107.33,Hold,12,16.14,,7.03,2.0,12.66,56.57,3.36,2.96,3.67,46.26,6.63,0.97,117.19,94.59,16.67,11.5,9.8609,0.69,10.04,56.7,159.42
2026-08-07,399,버이스크아나리티크스,Verisk Analytics,VRSK,191.82,38,85,🔴 목표가 초과 (고평가 관망),0.66,false,false,24970000000.0,,31.68,18.96,6,237.71,Buy,19,29.52,,6.5,,17.06,-9.14,2.0,1.04,3.58,30.78,4.63,1.9,101.08,,15.55,23.46,8.1765,1.51,10.92,,139.86
2026-08-07,400,웨스트파마슈티컬서비시스,West Pharmaceutical Services,WST,354.07,20,100,🔴 목표가 초과 (고평가 관망),1.14,false,false,24920000000.0,19.09,20.57,11.38,7,404.73,Strong Buy,16,45.34,,7.81,8.34,28.78,42.47,0.88,0.25,1.16,11.27,1.41,2.62,134.96,86.39,17.28,38.17,9.2761,2.21,15.87,42.45,176.69
2026-08-07,401,테크사스파시피크란드,Texas Pacific Land,TPL,340.65,46,65,🔵 Trailing만 검증됨 (Forward 데이터 없음),0.63,false,false,23500000000.0,36.57,38.54,25.81,5,443.5,Hold,2,43.45,,7.84,14.05,31.44,24.25,2.4,0.7,0.03,30.61,0.74,,,65.4,,37.4,9.1083,,,24.25,
2026-08-07,402,처치앤드와이트,Church & Dwight,CHD,103.24,20,100,🔴 목표가 초과 (고평가 관망),0.47,false,false,24490000000.0,17.04,14.01,7.87,6,105.37,Buy,21,33.16,,3.11,5.63,19.82,18.33,1.23,1.19,3.01,39.5,4.2,2.97,34.74,35.81,11.17,26.42,3.9076,2.37,6.97,18.34,44.83
2026-08-07,403,펄테그라프,PulteGroup,PHM,132.9,54,100,🟡 목표가 달성 (적정가),1.21,false,false,24910000000.0,14.9,14.54,9.21,4,140.62,Buy,15,13.55,,9.8,1.92,9.7,69.34,1.04,0.78,5.02,10.2,5.8,1.26,105.15,123.65,10.73,12.42,10.7005,1.16,4.93,69.22,116.41
2026-08-07,404,티로우프라이스,T. Rowe Price Group,TROW,114.02,12,65,🔴 실적 역성장/적자 (위험),1.48,false,false,24320000000.0,19.4,21.57,10.66,4,109.83,Hold,13,11.45,,9.96,2.21,7.43,51.58,5.2,4.56,2.09,52.2,6.65,1.75,65.34,107.51,6.56,11.17,10.2077,1.7,-0.09,51.59,74.58
2026-08-07,405,키코프,KeyCorp,KEY,22.73,48,85,🟢 저평가,1.03,false,false,24260000000.0,10.33,,1.08,3,26.02,Buy,19,13.3,,1.71,1.41,,16.14,0.82,3.61,-6.22,47.95,-2.61,0.96,23.63,24.92,13.82,11.71,1.9411,0.85,16.43,16.12,25.81
2026-08-07,406,트라데웨브마케트스,Tradeweb Markets,TW,102.62,37,100,🔴 목표가 초과 (고평가 관망),0.62,false,false,24020000000.0,14.47,10.08,12.48,6,123.79,Buy,15,24.48,,4.19,3.26,18.26,31.43,0.56,0.55,0.49,12.88,1.03,1.58,65.07,54.43,15.53,23.91,4.2919,1.54,14.5,31.48,65.44
2026-08-07,407,다든레스토랑,Darden Restaurants,DRI,213.76,50,100,🔴 목표가 초과 (고평가 관망),0.59,false,false,24390000000.0,53.72,13.7,7.72,6,228.54,Buy,28,20.48,,10.38,11.05,15.03,19.35,6.48,3.03,1.77,62.43,4.81,1.58,134.94,67.22,13.0,18.96,11.2743,1.46,8.19,19.34,170.63
2026-08-07,408,아크시스,Arxis,ARXS,59.99,13,25,🔵 Trailing만 검증됨 (Forward 데이터 없음),,true,false,25040000000.0,,5.51,,4,59.3,Strong Buy,11,195.71,,0.31,5.61,54.6,10.7,,,,,,,,8.64,,49.71,1.2068,,,10.69,
2026-08-07,409,인시트,Incyte,INCY,120.56,8,100,🔴 극단적 고평가 (위험),0.77,false,false,24440000000.0,30.67,86.52,16.83,6,124.96,Buy,27,15.36,,7.85,3.82,10.63,31.57,,,-3.09,,-3.09,1.89,63.66,74.67,8.11,50.35,2.3944,6.21,11.2,31.56,31.56
2026-08-07,410,글로벌페멘트스,Global Payments,GPN,86.12,55,100,🟢 강력 저평가,0.77,true,false,22790000000.0,2.43,3.93,2.33,4,100.46,Buy,34,44.48,,-3.67,0.99,10.86,86.94,1.0,1.16,-2.22,,-1.06,3.18,,,14.0,5.83,14.7719,0.42,15.06,86.99,181.14
2026-08-07,411,버알토,Veralto,VLTO,98.34,40,100,🔴 목표가 초과 (고평가 관망),0.75,false,false,23970000000.0,34.31,23.5,10.31,5,112.76,Buy,19,24.77,,3.97,7.75,18.33,12.68,0.52,0.53,0.4,12.6,0.93,2.14,46.01,33.65,11.59,21.68,4.536,1.87,10.66,12.69,65.49
2026-08-07,412,심보티크,Symbotic,SYM,40.18,6,65,🔴 실적 역성장/적자 (위험),1.96,true,false,24300000000.0,4.39,1.05,0.32,6,64.32,Buy,18,2960.28,,0.06,7.31,365.3,5.5,,,-18.63,,-18.63,,,2.72,-42.59,58.63,0.6853,,-23.96,5.5,
2026-08-07,413,브라운앤드브라운,Brown & Brown,BRO,71.43,36,65,🔵 Trailing만 검증됨 (Forward 데이터 없음),0.58,false,false,23900000000.0,10.02,9.49,5.38,7,76.44,Hold,19,22.49,,3.18,1.87,14.22,38.13,0.66,0.92,-17.07,20.78,-16.15,,,52.23,-8.84,15.48,4.6143,,7.31,38.2,
2026-08-07,414,로에우스,Loews,L,115.53,46,65,🔵 Trailing만 검증됨 (Forward 데이터 없음),0.52,false,false,23620000000.0,9.31,7.09,1.91,5,,,,14.16,,8.16,1.24,12.21,93.52,0.25,0.22,3.89,3.06,4.1,,,131.04,,,,,,93.17,
2026-08-07,415,랄프로렌,Ralph Lauren,RL,395.53,52,100,🔴 목표가 초과 (고평가 관망),1.37,false,false,23570000000.0,37.54,28.37,11.01,7,445.82,Buy,19,24.93,,15.87,8.66,16.59,45.66,4.0,1.01,2.32,25.21,3.34,1.84,215.04,127.69,13.55,20.18,19.6001,1.49,10.21,45.67,331.98
2026-08-07,416,US푸드,US Foods,USFD,108.88,78,100,🟡 적정가 형성,0.82,false,false,23550000000.0,16.35,10.33,5.83,6,111.75,Buy,16,33.52,,3.25,5.5,16.67,19.78,,,5.49,,5.49,1.51,71.92,38.03,22.13,21.21,5.1334,0.96,16.64,19.8,113.2
2026-08-07,417,버링톤스토어스,Burlington Stores,BURL,368.96,45,100,🔴 목표가 초과 (고평가 관망),1.47,false,false,22950000000.0,39.14,9.96,6.09,6,371.73,Buy,18,37.97,,9.72,12.5,21.69,29.53,,,0.58,,0.58,1.94,190.61,80.36,19.61,30.52,12.0891,1.56,19.03,29.52,270.61
2026-08-07,418,에크스페디토스인터내셔널오브와싱톤,Expeditors International of Washington,EXPD,178.71,53,100,🔴 목표가 초과 (고평가 관망),1.04,false,false,23230000000.0,42.67,56.96,15.23,6,177.71,Hold,17,26.02,,6.87,10.97,19.24,16.3,1.62,0.91,3.73,23.01,4.64,1.64,108.68,50.2,15.82,23.22,7.6964,1.47,11.18,16.29,152.2
2026-08-07,419,에프,F5,FFIV,400.23,23,100,🔴 목표가 초과 (고평가 관망),1.03,false,false,22660000000.0,19.83,28.3,7.98,6,436.1,Hold,13,31.88,,12.55,5.9,23.43,67.85,,,1.67,,1.67,3.03,132.03,138.42,10.52,23.02,17.3862,2.19,8.85,67.84,208.2
2026-08-07,420,폭스,Fox,FOX,57.03,88,100,🟢 저평가,0.54,false,false,25330000000.0,14.29,17.37,9.5,7,59.5,Hold,3,15.03,,3.84,2.14,7.69,27.71,0.57,1.0,4.77,14.85,5.77,1.29,44.81,48.93,11.67,10.45,5.4574,0.9,5.9,26.65,65.82
2026-08-07,421,소피테크놀로지스,SoFi Technologies,SOFI,18.38,41,100,🔴 목표가 초과 (고평가 관망),2.2,true,false,23740000000.0,7.09,4.68,1.25,4,19.87,Hold,23,38.71,,0.47,2.14,,8.58,,,-14.49,,-14.49,1.89,9.64,9.53,20.51,25.03,0.7343,1.22,42.44,8.59,13.71
2026-08-07,422,마켈그룹,Markel Group,MKL,1875.05,14,100,🔴 극단적 고평가 (위험),0.66,false,false,23230000000.0,12.46,10.37,2.8,5,1956.33,Hold,7,10.33,,181.52,1.22,7.82,1531.53,,,2.35,,2.35,2.54,1536.93,2501.01,4.07,16.55,113.2961,4.07,1.72,1536.93,1536.93
2026-08-07,423,얼타보티,Ulta Beauty,ULTA,565.15,77,100,🟡 적정가 형성,0.85,false,false,24300000000.0,47.45,26.13,15.33,6,623.42,Buy,27,21.2,,26.66,9.47,13.96,59.68,,,4.46,,4.46,1.37,413.23,189.21,15.5,19.09,29.6045,1.23,11.04,59.68,573.59
2026-08-07,424,마콤테크놀로지솔루션스,MACOM Technology Solutions,MTSI,310.82,51,100,🔴 목표가 초과 (고평가 관망),1.71,false,false,23740000000.0,17.18,14.39,6.31,7,401.54,Buy,14,98.99,,3.14,15.4,85.34,20.19,,,-4.59,,-4.59,3.31,93.82,37.77,29.88,37.71,8.2424,1.26,34.47,20.18,254.09
2026-08-07,425,엑스피오,XPO,XPO,202.58,53,100,🔴 목표가 초과 (고평가 관망),1.72,false,false,23720000000.0,21.59,11.03,6.45,7,231.83,Buy,25,59.76,,3.39,12.09,21.39,16.76,,,0.42,,0.42,2.12,95.43,35.75,28.15,34.43,5.8838,1.22,27.73,16.76,174.23
2026-08-07,426,사우스웨스트항공,Southwest Airlines,LUV,47.05,91,100,🟢 강력 저평가,1.14,false,false,23020000000.0,11.1,8.51,2.32,7,51.79,Hold,25,29.47,,1.6,3.25,10.02,14.48,0.72,1.53,13.01,45.1,14.54,0.74,56.0,22.83,40.0,10.92,4.3086,0.27,78.37,14.48,117.62
2026-08-07,427,리버티미디어,Liberty Media,FWONA,93.96,20,100,🔴 목표가 초과 (고평가 관망),0.73,true,false,22490000000.0,2.73,2.59,2.22,5,108.0,Strong Buy,6,92.64,,0.84,2.61,31.17,31.72,,,-4.36,,-4.36,3.02,25.74,24.48,30.64,69.92,1.3438,2.28,90.44,36.0,35.92
2026-08-07,428,프태아비션,FTAI Aviation,FTAI,216.24,68,100,🟢 저평가,1.58,false,false,22210000000.0,174.46,18.37,11.41,4,364.0,Strong Buy,10,47.2,,4.58,54.94,26.56,3.94,2.0,0.92,-1.44,37.11,-0.52,1.37,157.92,20.15,34.48,23.76,9.101,0.69,52.95,3.94,318.54
2026-08-07,429,옴니콤그룹,Omnicom Group,OMC,85.24,33,65,🔵 Trailing만 검증됨 (Forward 데이터 없음),0.66,true,false,23390000000.0,6.05,9.91,5.09,7,102.08,Buy,13,55.21,,1.54,2.42,19.49,35.22,3.2,3.75,-27.34,207.27,-23.59,,,34.93,-8.12,8.28,10.2947,,15.47,35.22,
2026-08-07,430,콘스테라션브랜즈,Constellation Brands,STZ,135.76,58,100,🟡 목표가 달성 (적정가),0.4,false,false,23180000000.0,23.69,11.93,8.57,6,170.83,Buy,24,12.96,,10.48,2.82,10.3,48.15,4.12,3.04,3.36,39.33,6.4,1.28,106.06,106.55,10.12,11.46,11.8464,1.13,3.72,48.14,129.07
2026-08-07,431,스터이스,STERIS,STE,237.47,24,100,🔴 목표가 초과 (고평가 관망),0.91,false,false,23150000000.0,11.39,9.68,6.8,7,262.25,Buy,9,29.03,,8.18,3.21,15.14,73.91,2.76,1.16,0.48,33.74,1.64,2.54,93.42,116.63,11.42,20.7,11.472,1.81,9.78,73.98,125.72
2026-08-07,432,유나이티드테라퓨틱스,United Therapeutics,UTHR,538.84,55,100,🟡 목표가 달성 (적정가),0.56,false,false,23110000000.0,19.32,31.28,11.61,4,656.15,Buy,15,19.28,,27.95,3.59,12.93,149.97,,,3.2,,3.2,1.2,448.6,307.1,16.05,20.42,26.3879,1.27,12.85,150.09,479.94
2026-08-07,433,파카깅코퍼레이션오브아머이카,Packaging Corporation of America,PKG,256.04,32,100,🔴 목표가 초과 (고평가 관망),0.81,false,false,22670000000.0,14.89,11.05,8.28,4,256.7,Buy,11,33.26,,7.7,4.86,14.58,52.64,6.0,2.34,0.34,68.2,2.68,2.53,101.18,95.5,13.14,22.12,11.575,1.68,10.46,52.68,150.36
2026-08-07,434,씨엠에스에너지,CMS Energy,CMS,71.03,20,100,🔴 목표가 초과 (고평가 관망),0.34,true,false,22270000000.0,9.16,4.12,2.97,5,80.31,Buy,16,21.36,,3.32,2.33,13.69,30.45,2.28,3.21,-2.38,68.57,0.83,2.59,27.36,47.69,8.24,16.94,4.193,2.06,7.41,30.48,31.84
2026-08-07,435,패이사아크,Fair Isaac,FICO,1041.4,77,85,🟢 강력 저평가,1.32,false,false,22490000000.0,,65.03,39.98,7,1489.48,Buy,21,30.21,,34.47,,22.23,-189.71,,,4.5,,4.5,0.91,1148.89,,33.33,20.57,50.6271,0.62,28.83,,1771.95
2026-08-07,436,삼사라,Samsara,IOT,40.88,20,100,🔴 목표가 초과 (고평가 관망),1.34,true,false,23820000000.0,4.36,-1.39,-0.32,5,44.31,Buy,23,414.2,,0.1,15.8,1537.18,2.59,,,-3.1,,-3.1,17.8,2.33,2.41,23.27,53.63,0.7623,2.3,26.37,2.59,15.48
2026-08-07,437,리비안,Rivian Automotive,RIVN,16.0,6,65,🔴 Trailing 실적 역성장/적자 (위험),1.61,true,false,23170000000.0,-57.52,-20.58,-14.37,3,19.23,Hold,25,,,-2.57,4.27,,3.75,,,-15.17,,-15.17,,,,,,,,,3.75,
2026-08-07,438,로쿠,Roku,ROKU,153.11,37,45,🔵 Trailing만 검증됨 (Forward 데이터 없음),2.04,false,false,22610000000.0,13.12,35.05,3.9,7,161.63,Buy,26,65.62,,2.33,8.05,59.73,19.02,,,-4.66,,,,,31.58,,49.76,3.077,,106.25,19.02,
2026-08-07,439,피데리티내셔널인포마션서비시스,Fidelity National Information Services,FIS,42.77,89,100,🟢 강력 저평가,0.81,false,false,22060000000.0,22.35,6.6,4.28,4,51.09,Buy,27,6.58,,6.5,1.38,10.24,31.08,1.76,4.12,2.8,27.08,6.92,0.42,101.01,67.42,15.54,6.66,6.4219,0.43,8.62,30.99,103.89
2026-08-07,440,다우,Dow,DOW,29.34,16,65,🔴 Trailing 실적 역성장/적자 (위험),0.42,true,false,21190000000.0,-5.54,3.88,1.3,5,35.69,Buy,18,,,-1.82,1.34,13.39,21.96,1.4,4.77,-1.82,,2.95,,,,,13.74,2.1354,,,21.9,
2026-08-07,441,엔테그리스,Entegris,ENTG,152.08,49,100,🔴 목표가 초과 (고평가 관망),1.35,true,false,23240000000.0,7.67,7.01,4.13,6,169.0,Buy,12,75.99,,2.0,5.59,29.68,27.22,0.4,0.26,-0.66,19.99,-0.4,2.62,58.0,35.0,29.0,33.98,4.4756,1.17,29.4,27.21,119.89
2026-08-07,442,우드와드,Woodward,WWD,362.89,44,100,🔴 목표가 초과 (고평가 관망),0.88,false,false,21430000000.0,22.34,16.63,8.62,6,450.36,Strong Buy,12,40.38,,8.99,8.69,28.79,41.77,1.28,0.35,-0.05,14.24,0.31,1.75,207.49,91.92,23.08,35.47,10.2309,1.54,22.77,41.76,260.21
2026-08-07,443,인터내셔널플라보스안드프라그란세스,International Flavors & Fragrances,IFF,85.89,,,⚠️ 데이터 검증 필요,0.94,true,false,21910000000.0,-5.55,4.68,2.27,7,95.38,Buy,20,79.11,,1.08,1.57,16.23,54.74,1.6,1.86,0.29,147.87,2.16,13.78,6.2,36.47,5.74,25.13,3.4178,4.38,3.58,54.71,17.06
2026-08-07,444,모더나,Moderna,MRNA,59.17,8,65,🔴 Trailing 실적 역성장/적자 (위험),0.9,true,false,23620000000.0,-39.0,-75.99,-13.26,2,50.84,Hold,23,,,-8.01,3.49,,16.94,,,-1.94,,-1.94,,,,,,,,,16.95,
2026-08-07,445,인터내셔널파퍼,International Paper,IP,41.58,15,65,🔴 Trailing 실적 역성장/적자 (위험),0.89,true,false,22020000000.0,-16.48,4.25,1.59,5,47.45,Buy,12,,,-6.5,1.52,13.49,27.3,1.85,4.45,-25.76,,-21.31,,,,,17.88,2.3255,,,27.36,
2026-08-07,446,스냅온,Snap-On,SNA,416.35,29,100,🔴 목표가 초과 (고평가 관망),0.72,false,false,21540000000.0,17.93,18.43,9.85,4,413.78,Hold,11,21.24,,19.6,3.56,14.7,116.81,9.76,2.34,1.03,49.79,3.38,2.0,208.15,226.97,10.62,20.12,20.6933,1.89,7.24,116.95,235.78
2026-08-07,447,리린스,Reliance,RS,423.88,81,100,🟢 저평가,0.97,false,false,21640000000.0,12.23,10.66,7.33,5,409.5,Hold,8,24.72,,17.15,2.92,15.46,144.98,5.0,1.18,3.47,29.16,4.65,1.12,379.53,236.53,22.13,17.87,23.7202,0.81,17.48,145.16,508.81
2026-08-07,448,에크스판드에너지,Expand Energy,EXE,92.84,55,100,🟡 목표가 달성 (적정가),0.32,false,false,21490000000.0,14.89,13.29,8.49,8,126.04,Buy,26,8.0,,11.6,1.12,3.72,82.82,2.3,2.48,-13.24,19.83,-10.77,0.9,102.78,147.02,8.86,11.1,8.364,1.25,19.63,82.89,82.89
2026-08-07,449,가던트헬스,Guardant Health,GH,168.48,7,50,🔵 Trailing만 검증됨 (Forward 데이터 없음),1.59,true,false,22610000000.0,,-23.43,-18.07,4,191.38,Strong Buy,25,,,-3.5,,,-1.67,,,-4.62,,-4.62,,,,,,,,,,
2026-08-07,450,번지,Bunge,BG,108.38,26,65,🔵 Trailing만 검증됨 (Forward 데이터 없음),0.65,true,false,20820000000.0,7.18,5.09,3.47,5,141.22,Buy,9,21.08,,5.13,1.31,12.78,83.04,2.88,2.66,-42.56,56.19,-39.9,,,97.9,-23.36,10.1,10.7307,,16.54,82.73,
2026-08-07,451,마스테크,MasTec,MTZ,272.46,72,100,🟢 저평가,1.84,false,false,21600000000.0,16.18,10.64,5.28,7,427.21,Strong Buy,20,43.38,,6.28,6.12,19.05,44.54,,,0.68,,0.68,1.22,219.8,79.33,35.68,24.92,10.9334,0.7,36.95,44.52,382.67
2026-08-07,452,티디시네크스,TD SYNNEX,SNX,252.42,87,100,🟢 강력 저평가,1.44,false,false,20180000000.0,13.14,11.25,3.26,5,333.55,Buy,11,18.09,,13.95,2.24,10.76,112.81,1.92,0.76,4.04,13.76,4.8,0.63,400.78,188.17,28.73,12.82,19.6895,0.45,23.93,112.69,553.12
2026-08-07,453,니사스,NiSource,NI,42.61,20,100,🔴 목표가 초과 (고평가 관망),0.55,true,false,20430000000.0,8.55,4.13,3.24,5,50.03,Buy,16,22.62,,1.88,2.13,12.07,19.97,1.2,2.82,-2.48,63.69,0.33,2.36,18.05,29.06,9.6,19.6,2.174,2.04,9.27,20.0,19.15
2026-08-07,454,테네트헬스케어,Tenet Healthcare,THC,262.13,90,100,🟢 저평가,1.23,false,false,21110000000.0,37.34,16.7,8.32,7,279.86,Buy,22,10.18,,25.75,4.53,6.23,57.86,,,8.21,,8.21,0.56,469.42,183.09,18.23,12.73,20.5915,0.7,10.02,57.87,446.41
2026-08-07,455,에퀴팩스,Equifax,EFX,182.56,78,100,🟢 저평가,1.3,false,false,21450000000.0,14.27,8.88,6.16,5,210.52,Buy,24,32.09,,5.69,4.9,14.09,37.25,2.24,1.23,2.88,39.38,4.11,1.49,122.73,69.06,21.57,19.88,9.1831,0.92,17.46,37.26,193.23
2026-08-07,456,티손푸즈,Tyson Foods,TSN,58.04,59,100,🟡 목표가 달성 (적정가),0.38,true,false,20370000000.0,3.26,4.21,2.57,6,68.75,Hold,13,35.88,,1.62,1.13,11.91,51.39,2.04,3.52,0.77,126.11,4.28,2.47,23.57,43.28,14.55,13.12,4.4238,0.9,10.27,51.36,56.81
2026-08-07,457,시팀,SiTime,SITM,725.28,17,100,🔴 목표가 초과 (고평가 관망),2.86,true,false,21810000000.0,1.33,-0.22,-0.03,6,864.38,Strong Buy,8,1547.68,,0.52,18.76,747.63,38.66,,,-13.44,,-13.44,71.78,11.21,21.27,21.56,51.8,14.0015,2.4,89.48,38.66,257.26
2026-08-07,458,레나,Lennar,LEN,88.18,58,100,🟡 목표가 달성 (적정가),1.4,true,false,21240000000.0,7.37,6.24,3.94,4,86.23,Hold,18,13.7,,6.43,0.98,12.23,89.75,2.0,2.27,6.34,31.08,8.61,0.85,103.84,113.95,16.15,15.63,5.6417,0.97,7.54,89.98,83.69
2026-08-07,459,토스트,Toast,TOST,34.48,77,100,🟢 저평가,1.72,false,false,19930000000.0,25.16,149.56,9.16,6,38.12,Buy,30,43.95,,0.78,9.73,37.79,3.54,,,2.27,,2.27,1.39,24.73,7.88,31.71,22.49,1.5331,0.71,29.44,3.54,53.66
2026-08-07,460,엠케이에스,MKS,MKSI,304.99,64,100,🟢 저평가,2.0,false,false,20620000000.0,15.85,9.83,5.02,6,413.62,Buy,13,48.38,,6.3,6.9,23.63,44.2,1.0,0.33,-3.4,15.86,-3.07,1.75,173.88,79.15,27.6,19.47,15.6646,0.71,30.67,44.2,428.02
2026-08-07,461,듀폰,DuPont de Nemours,DD,142.47,61,100,🟢 저평가,1.09,true,false,19240000000.0,1.79,4.22,2.07,8,169.88,Buy,17,64.66,,0.39,1.4,15.98,101.96,2.4,1.68,0.79,616.19,2.47,2.92,8.63,29.91,22.14,18.84,7.5621,0.85,19.67,101.76,146.15
2026-08-07,462,웨스턴미드스트림파트너스,Western Midstream Partners,WES,46.62,84,100,🟢 저평가,0.66,false,false,18360000000.0,34.11,13.46,7.45,5,46.0,Hold,14,14.71,,3.17,4.53,10.82,10.3,3.72,7.98,-3.65,117.39,4.33,1.02,45.87,27.1,14.47,12.22,3.8151,0.84,10.14,10.29,64.16
2026-08-07,463,에스비에이커뮤니케이션스,SBA Communications,SBAC,184.03,9,50,🔴 실적 역성장/적자 (위험),0.98,false,true,19520000000.0,,9.18,8.41,4,228.25,Buy,21,19.82,,9.28,,20.39,-43.64,5.0,2.72,1.25,53.85,3.96,10.77,17.08,,1.84,23.17,7.9426,12.59,-2.12,,14.44
2026-08-07,464,제너럴밀스,General Mills,GIS,36.89,12,65,🔴 실적 역성장/적자 (위험),-0.05,true,false,19690000000.0,-1.03,-3.46,5.73,5,37.56,Hold,20,,,-0.16,2.67,23.02,13.81,2.44,6.61,3.55,,10.17,,,,8.6,11.98,3.0793,1.39,-1.4,13.82,22.51
2026-08-07,465,아이티티,ITT,ITT,213.13,20,100,🔴 목표가 초과 (고평가 관망),1.28,true,false,19050000000.0,11.57,6.23,5.58,4,252.08,Strong Buy,14,42.4,,5.03,3.97,24.77,53.7,1.54,0.72,-3.26,30.73,-2.54,3.27,65.19,77.96,12.96,24.52,8.6921,1.89,15.5,53.69,106.62
2026-08-07,466,에버기,Evergy,EVRG,83.38,24,100,🔴 목표가 초과 (고평가 관망),0.52,true,false,19220000000.0,9.25,3.85,2.91,4,91.71,Buy,14,21.26,,3.92,1.88,12.34,44.34,2.78,3.33,-1.68,70.88,1.65,2.0,41.71,62.54,10.64,18.63,4.4756,1.75,8.99,44.35,43.86
2026-08-07,467,비트리스,Viatris,VTRS,16.43,14,65,🔴 실적 역성장/적자 (위험),0.89,true,false,18870000000.0,-2.75,5.89,2.67,6,18.5,Buy,10,,,-0.35,1.33,11.41,12.34,0.48,2.92,2.45,,5.37,,,,12.35,6.54,2.5122,0.53,6.98,12.35,27.13
2026-08-07,468,짐머바이오멧,Zimmer Biomet,ZBH,96.55,44,100,🔴 목표가 초과 (고평가 관망),0.46,true,false,18420000000.0,6.41,6.32,3.96,6,107.57,Buy,27,23.46,,4.12,1.46,11.05,66.23,0.96,0.99,1.95,23.32,2.94,2.7,35.8,78.36,8.69,11.01,8.7693,1.27,5.75,66.13,69.53
2026-08-07,469,브로드리지파이낸셜솔루션스,Broadridge Financial Solutions,BR,166.5,77,100,🟡 적정가 형성,0.89,false,false,18980000000.0,40.92,17.03,9.3,7,211.38,Buy,9,17.34,,9.6,6.68,12.22,24.92,4.36,2.62,1.01,45.42,3.63,1.27,130.94,73.37,13.64,15.78,10.5513,1.16,10.01,24.93,171.54
2026-08-07,470,차터커뮤니케이션스,Charter Communications,CHTR,152.57,93,100,🟢 강력 저평가,0.68,false,false,20560000000.0,27.2,8.47,5.31,6,184.41,Hold,21,3.97,,38.43,1.07,5.45,142.12,,,11.01,,11.01,0.2,381.42,350.55,20.12,3.54,43.0989,0.18,10.12,142.59,381.42
2026-08-07,471,에스에스씨테크놀로지스,SS&C Technologies,SSNC,79.23,76,100,🟢 저평가,1.09,false,false,18590000000.0,12.62,8.73,4.89,4,92.33,Buy,10,22.8,,3.48,2.8,11.42,28.31,1.08,1.36,2.18,31.07,3.55,1.63,48.58,47.08,13.96,10.66,7.4325,0.76,10.41,28.3,100.01
2026-08-07,472,네우스,News,NWS,32.45,30,100,🔴 목표가 초과 (고평가 관망),0.91,true,false,16129999999.999998,7.98,8.19,4.66,6,31.14,Buy,8,28.15,,1.03,1.75,11.66,15.69,0.2,0.62,2.02,19.42,2.63,2.05,14.15,19.07,13.74,22.32,1.4539,1.62,11.11,18.54,18.59
2026-08-07,473,뢰알골드,Royal Gold,RGLD,229.92,13,100,🔴 극단적 고평가 (위험),0.46,false,false,19480000000.0,13.6,10.18,9.35,5,301.58,Buy,12,24.73,,9.3,2.57,15.35,89.6,1.9,0.83,-20.35,20.44,-19.52,5.62,89.46,136.93,4.4,20.35,11.2983,4.62,23.92,89.46,89.46
2026-08-07,474,포티브,Fortive,FTV,61.71,51,100,🔴 목표가 초과 (고평가 관망),0.98,true,false,18640000000.0,7.32,7.58,3.3,6,64.31,Hold,15,32.52,,1.68,3.08,18.55,20.03,0.24,0.39,8.24,14.25,8.63,1.86,29.35,27.52,17.47,19.7,3.1325,1.13,8.84,20.04,50.55
2026-08-07,475,와이어하우저,Weyerhaeuser,WY,25.58,25,100,🔴 목표가 초과 (고평가 관망),0.9,true,true,18440000000.0,4.97,1.2,0.67,5,31.27,Buy,12,39.1,,0.65,1.95,17.25,13.12,0.84,3.28,0.66,128.38,3.94,1.0,22.75,13.85,38.94,64.09,0.3991,1.65,70.92,13.12,13.7
2026-08-07,476,티피지,TPG,TPG,48.99,68,100,🟢 저평가,1.42,false,false,18840000000.0,18.57,8.55,5.22,5,60.13,Buy,16,74.47,,0.66,6.86,20.71,7.14,2.06,4.2,-3.87,340.49,0.33,3.36,14.65,10.3,22.19,15.26,3.2104,0.69,21.86,7.14,72.04
2026-08-07,477,에세크스프로퍼티트러스트,Essex Property Trust,ESS,288.1,11,100,🔴 극단적 고평가 (위험),0.71,true,true,19140000000.0,7.71,3.09,2.96,5,302.59,Hold,26,44.82,18.63,6.43,3.48,21.95,82.83,10.36,3.6,-0.1,161.18,3.5,4.92,58.58,109.47,9.11,47.61,6.0512,5.23,5.61,82.79,50.03
2026-08-07,478,지뉴인파츠,Genuine Parts,GPC,135.63,30,100,🔴 목표가 초과 (고평가 관망),0.65,true,false,18700000000.0,0.71,13.94,4.48,6,140.38,Buy,10,570.65,,0.23,4.13,16.71,32.83,4.25,3.13,0.46,1886.32,3.59,54.19,2.42,13.03,10.53,16.91,8.0207,1.61,6.94,32.84,77.38
2026-08-07,479,라티스세미컨덕터,Lattice Semiconductor,LSCC,130.03,34,100,🔴 목표가 초과 (고평가 관망),1.8,true,false,18470000000.0,4.93,6.93,3.87,6,164.92,Buy,12,508.42,,0.25,22.65,215.94,5.74,,,-1.08,,-1.08,14.99,8.48,5.68,33.92,48.97,2.6553,1.44,59.28,5.74,81.52
2026-08-07,480,씨디더블유,CDW,CDW,135.81,84,100,🟢 저평가,0.94,false,false,16980000000.0,44.01,15.34,6.59,4,155.89,Buy,10,16.31,,8.33,6.97,11.66,19.49,2.52,1.86,2.92,30.26,4.77,1.18,115.29,60.44,13.84,12.0,11.3175,0.87,9.07,19.48,184.48
2026-08-07,481,웨스코인터내셔널,WESCO International,WCC,363.74,71,100,🟢 저평가,1.54,false,false,17730000000.0,14.31,9.77,5.18,6,397.09,Strong Buy,11,25.15,,14.46,3.4,15.26,107.11,2.0,0.55,0.4,13.83,0.95,1.07,340.97,186.68,23.58,20.0,18.187,0.85,22.63,106.98,420.02
2026-08-07,482,이스트웨스트뱅코프,East West Bancorp,EWBC,131.7,50,85,🟡 목표가 달성 (적정가),0.93,false,false,18040000000.0,16.58,,1.78,4,147.19,Buy,16,12.65,,10.41,1.95,,67.48,3.2,2.43,0.41,28.82,2.84,1.08,122.42,125.72,11.76,12.03,10.9476,1.02,8.92,67.54,129.49
2026-08-07,483,얼라이언트에너지,Alliant Energy,LNT,69.37,20,100,🔴 목표가 초과 (고평가 관망),0.54,true,false,17990000000.0,11.14,3.15,2.45,4,78.81,Buy,14,21.96,,3.16,2.39,16.28,29.04,2.14,3.09,-0.76,67.74,2.33,2.16,32.11,45.44,10.16,19.43,3.5703,1.91,7.83,29.03,33.76
2026-08-07,484,퍼포만스푸드그룹,Performance Food Group,PFGC,114.9,36,100,🔴 목표가 초과 (고평가 관망),0.91,true,false,18050000000.0,7.25,4.93,2.92,6,123.31,Buy,14,54.74,,2.1,3.8,15.9,30.27,,,-0.45,,-0.45,3.68,31.23,37.82,14.87,21.75,5.2828,1.46,15.32,30.24,71.66
2026-08-07,485,알비씨비링스,RBC Bearings,RBC,567.25,16,100,🔴 극단적 고평가 (위험),1.41,false,false,17910000000.0,9.75,8.8,6.02,7,633.25,Buy,9,56.05,,10.12,5.17,31.46,109.66,,,-2.45,,-2.45,4.74,119.62,158.02,11.82,37.3,15.2078,3.16,14.27,109.72,169.87
2026-08-07,486,인비타션호메스,Invitation Homes,INVH,30.37,20,100,🔴 목표가 초과 (고평가 관망),0.84,true,true,18000000000.0,7.05,2.58,2.48,5,33.0,Buy,25,27.94,16.94,1.09,1.98,17.73,15.33,1.2,3.95,1.17,110.4,5.12,2.0,15.23,19.39,13.97,41.01,0.7406,2.94,8.85,15.34,9.32
2026-08-07,487,씨에프인더스트리스,CF Industries,CF,114.35,11,65,🔴 실적 역성장/적자 (위험),0.4,false,false,17310000000.0,29.87,24.51,12.93,7,125.35,Hold,21,8.51,,13.44,3.02,4.53,37.92,2.4,2.1,8.51,15.63,10.61,1.52,75.4,107.08,5.61,7.86,14.5483,1.4,-4.39,37.86,101.1
2026-08-07,488,트라크토서플리,Tractor Supply,TSCO,34.56,20,100,🔴 목표가 초과 (고평가 관망),0.45,false,false,18010000000.0,39.51,12.81,7.82,6,35.52,Buy,30,18.01,,1.92,6.85,13.14,5.04,0.96,2.78,1.21,50.02,3.99,2.52,13.73,14.76,7.15,17.54,1.9704,2.45,3.16,5.05,16.3
2026-08-07,489,블루올캐피탈,Blue Owl Capital,OWL,11.87,35,100,🔴 목표가 초과 (고평가 관망),1.18,true,false,18510000000.0,5.65,7.75,4.48,5,12.56,Buy,17,99.48,,0.12,4.07,25.73,2.92,0.92,7.75,-9.41,771.04,-1.66,11.49,1.04,2.81,8.66,12.85,0.9237,1.48,10.32,2.92,7.31
2026-08-07,490,아피그룹,APi Group,APG,41.72,23,100,🔴 목표가 초과 (고평가 관망),1.61,false,false,18030000000.0,10.35,8.82,5.01,5,52.36,Strong Buy,10,,,-0.59,4.94,22.27,8.45,,,-1.64,,-1.64,,,,12.43,22.65,1.8419,1.82,14.07,8.45,21.73
2026-08-07,491,우니티소프트웨어,Unity Software,U,43.0,7,65,🔴 실적 역성장/적자 (위험),2.02,true,false,18920000000.0,-17.38,-3.66,-3.12,5,46.62,Buy,26,,,-1.36,6.24,,6.9,,,-5.69,,-5.69,,,,20.66,29.03,1.4812,1.41,26.35,6.89,26.01
2026-08-07,492,디크스스포팅구드스,Dick's Sporting Goods,DKS,208.84,36,100,🔴 목표가 초과 (고평가 관망),1.19,false,false,18690000000.0,20.9,10.03,7.4,5,250.14,Buy,26,20.16,,10.36,3.3,14.77,63.27,5.0,2.39,-5.96,48.28,-3.57,2.4,87.13,121.44,8.41,13.9,15.0245,1.65,11.98,63.28,131.51
2026-08-07,493,로린스,Rollins,ROL,37.74,20,100,🔴 목표가 초과 (고평가 관망),0.74,false,false,18160000000.0,37.01,23.46,14.06,4,45.59,Hold,19,34.3,,1.1,12.7,22.24,2.97,0.73,1.93,0.38,66.35,2.32,3.01,12.55,8.57,11.41,30.97,1.2186,2.71,9.09,2.97,17.32
2026-08-07,494,슈퍼마이크로컴퓨터,Super Micro Computer,SMCI,31.13,67,100,🟢 강력 저평가,1.97,false,false,20140000000.0,17.88,10.43,5.52,2,37.81,Hold,19,16.32,,1.91,2.47,17.54,12.6,,,-5.6,,-5.6,0.92,33.73,23.27,17.66,9.15,3.4022,0.52,23.26,12.6,60.82
2026-08-07,495,더카릴그룹,The Carlyle Group,CG,47.79,54,100,🟢 저평가,1.83,true,false,16890000000.0,7.77,2.39,2.03,3,57.82,Buy,18,49.16,,0.97,2.34,20.35,20.41,1.4,2.93,-1.18,144.02,1.75,3.22,14.83,21.11,15.29,11.71,4.0811,0.77,13.54,20.42,56.48
2026-08-07,496,페데크스프리이트,FedEx Freight,FDXF,144.76,36,40,🔵 Trailing만 검증됨 (Forward 데이터 없음),,false,false,21640000000.0,69.09,20.4,5.67,5,169.42,Buy,12,33.05,,4.38,,28.07,-3.32,,,,,,,,,,34.05,4.2514,,,,
2026-08-07,497,러브리크,Rubrik,RBRK,90.07,9,50,🔵 Trailing만 검증됨 (Forward 데이터 없음),1.17,true,false,18540000000.0,,-80.59,-8.98,4,95.41,Strong Buy,28,,,-1.45,,,-2.34,,,-7.1,,-7.1,,,,,275.95,0.3264,,,,
2026-08-07,498,프란클린리소시스,Franklin Resources,BEN,33.77,80,100,🟢 강력 저평가,1.57,true,false,17160000000.0,7.89,7.05,2.64,7,35.09,Hold,11,22.96,,1.47,1.46,13.4,23.13,1.32,3.91,0.21,89.76,4.12,1.12,30.09,27.66,20.47,10.94,3.0868,0.53,16.35,23.13,58.47
2026-08-07,499,아카매테크놀로지스,Akamai Technologies,AKAM,110.54,26,45,🔵 Trailing만 검증됨 (Forward 데이터 없음),0.64,true,false,15890000000.0,8.92,4.12,2.51,4,159.91,Buy,25,40.14,,2.75,3.34,17.4,33.07,,,1.19,,,,,45.24,,16.11,6.8616,,3.85,33.1,
2026-08-07,500,제브라테크놀로지스,Zebra Technologies,ZBRA,376.49,82,100,🟢 저평가,1.58,false,false,17810000000.0,15.29,11.85,7.32,7,399.0,Buy,17,34.82,,10.81,5.19,19.23,72.49,,,3.71,,3.71,1.77,212.09,132.78,19.62,18.17,20.7204,0.93,15.91,72.54,404.38
2026-08-07,501,이데크스,IDEX,IEX,234.46,20,100,🔴 목표가 초과 (고평가 관망),0.98,false,false,17280000000.0,12.95,10.83,6.84,5,249.14,Buy,15,33.73,,6.95,4.33,19.43,54.16,2.92,1.25,1.58,42.0,2.83,2.76,85.07,92.03,12.24,25.63,9.1479,2.09,9.41,54.15,109.15
2026-08-07,502,노드손,Nordson,NDSN,310.11,20,100,🔴 목표가 초과 (고평가 관망),0.96,false,false,17280000000.0,17.14,12.25,7.92,8,316.86,Buy,8,33.1,,9.37,5.4,21.85,57.47,3.28,1.06,1.92,35.01,2.97,2.59,119.65,110.07,12.77,25.9,11.9734,2.03,9.8,57.43,154.96
2026-08-07,503,씨에이치로빈손월드와이드,C.H. Robinson Worldwide,CHRW,149.35,72,100,🟡 적정가 형성,0.95,false,false,17450000000.0,37.12,21.88,9.96,6,199.92,Buy,25,28.51,,5.24,10.75,20.65,13.9,2.52,1.69,0.48,48.11,2.16,1.47,101.66,40.48,19.4,21.56,6.9272,1.11,17.24,13.89,165.61
2026-08-07,504,아나리캐피탈매니지먼트,Annaly Capital Management,NLY,23.04,28,65,🔵 Trailing만 검증됨 (Forward 데이터 없음),1.24,true,true,17370000000.0,19.57,2.14,2.33,5,24.23,Buy,13,5.82,,3.96,1.14,,20.15,3.0,13.02,-22.68,75.83,-9.66,,,42.37,-8.09,7.45,3.0926,,1.57,20.21,
2026-08-07,505,엔브이알,NVR,NVR,6390.14,39,45,🔵 Trailing만 검증됨 (Forward 데이터 없음),0.91,false,false,17030000000.000002,31.54,36.74,16.55,4,6782.0,Hold,6,16.5,,387.29,5.05,11.08,1266.24,,,7.92,,,,,3321.75,,16.4,389.6427,,4.0,1265.37,
2026-08-07,506,퍼민리소시스,Permian Resources,PR,20.15,69,100,🟢 저평가,0.48,false,false,16879999999.999998,11.4,11.41,7.54,7,25.05,Strong Buy,21,12.74,,1.58,1.41,4.81,14.33,0.64,3.18,-4.44,40.48,-1.27,1.16,17.33,22.57,10.97,9.32,2.162,0.85,12.24,14.29,22.93
2026-08-07,507,레도스,Leidos,LDOS,137.57,60,100,🟡 목표가 달성 (적정가),0.55,false,false,17260000000.0,27.78,14.25,8.91,6,149.6,Buy,17,12.85,,10.71,3.27,9.9,42.11,1.72,1.25,3.02,16.06,4.27,1.32,104.53,100.73,9.76,11.18,12.305,1.15,5.49,42.07,136.5
2026-08-07,508,윰치나,Yum China,YUMC,47.72,89,100,🟢 저평가,0.08,false,false,16489999999.999998,16.81,15.31,8.08,5,62.05,Strong Buy,23,17.55,,2.72,3.1,9.18,15.39,1.16,2.43,5.53,40.83,7.96,0.78,61.04,30.69,22.44,14.8,3.2243,0.66,14.48,15.39,74.94
2026-08-07,509,베스트버이,Best Buy,BBY,82.0,80,100,🟡 적정가 형성,1.32,false,false,17280000000.0,39.1,25.08,7.77,6,80.2,Hold,25,15.18,,5.4,5.6,8.29,14.63,3.84,4.68,1.8,71.09,6.48,1.23,66.91,42.16,12.39,12.25,6.6939,0.99,5.91,14.64,103.67
2026-08-07,510,자코브스솔루션스,Jacobs Solutions,J,145.07,75,100,🟢 저평가,0.67,true,false,16980000000.0,8.0,8.45,4.55,5,161.8,Buy,16,48.0,,2.86,5.21,24.98,27.87,1.44,0.99,3.49,50.29,4.48,2.45,55.97,42.35,19.57,18.11,8.0105,0.93,15.09,27.84,146.09
2026-08-07,511,햐트호텔스,Hyatt Hotels,H,177.71,47,100,🔴 목표가 초과 (고평가 관망),1.35,true,false,16750000000.0,2.16,2.47,2.19,6,196.22,Buy,23,214.09,,0.83,5.07,27.62,35.07,0.6,0.34,4.02,72.28,4.35,5.44,29.05,25.59,39.35,45.39,3.9152,1.15,40.21,35.05,133.73
2026-08-07,512,겐디지털,Gen Digital,GEN,29.17,89,100,🟢 강력 저평가,1.2,false,false,17460000000.0,41.94,14.37,8.49,6,32.11,Buy,11,17.02,,1.71,6.58,9.62,4.43,0.5,1.71,1.52,29.18,3.24,1.09,26.71,13.06,15.62,9.68,3.0134,0.62,12.38,4.43,55.06
2026-08-07,513,조네스랑라살,Jones Lang LaSalle,JLL,362.38,74,100,🟢 저평가,1.24,false,false,16670000000.000002,13.52,10.16,4.82,7,409.4,Buy,12,17.33,,20.91,2.23,12.92,162.19,,,1.23,,1.23,0.87,417.57,276.24,19.97,13.8,26.2594,0.69,18.74,162.5,511.71
2026-08-07,514,발,Ball,BALL,63.45,87,100,🟢 저평가,0.96,false,false,16800000000.0,17.15,8.74,4.63,6,72.57,Buy,15,18.12,,3.51,2.92,12.24,21.72,0.8,1.26,7.77,22.8,9.03,0.85,74.48,41.42,21.22,15.08,4.2076,0.71,12.19,21.73,89.1
2026-08-07,515,플랜스알아메리칸피페린,Plains All American Pipeline,PAA,22.81,88,100,🟢 강력 저평가,0.49,true,false,16090000000.0,10.18,6.35,3.49,7,24.47,Buy,17,19.59,,3.61,1.45,9.05,15.69,1.67,7.32,-0.32,47.11,7.0,1.0,57.02,35.7,19.66,12.15,1.8774,0.62,12.66,15.73,34.61
2026-08-07,516,스터링인프라스트러크터,Sterling Infrastructure,STRL,547.06,70,100,🟢 저평가,1.89,false,false,16730000000.0,40.0,41.69,14.55,7,905.33,Strong Buy,7,39.44,,13.87,12.37,23.97,44.22,,,-0.42,,-0.42,1.14,479.62,117.47,34.58,24.52,22.3108,0.71,38.51,44.22,780.88
2026-08-07,517,킴코리얼티,Kimco Realty,KIM,24.46,20,100,🔴 목표가 초과 (고평가 관망),0.97,true,true,16450000000.0,5.81,3.97,2.37,5,26.88,Buy,24,28.7,13.59,0.85,1.6,18.01,15.32,1.12,4.58,0.23,131.42,4.81,2.42,10.06,17.12,11.84,28.94,0.8452,2.44,7.03,15.29,8.99
2026-08-07,518,더블유피카레인크레트,W. P. Carey Inc. REIT,WPC,71.81,40,100,🔴 목표가 초과 (고평가 관망),0.78,true,true,16360000000.0,7.78,5.46,3.4,5,79.92,Buy,14,24.58,13.64,2.92,1.89,19.2,38.07,3.76,5.24,-0.96,126.64,4.28,1.36,52.82,50.01,18.09,25.1,2.861,1.39,13.81,37.99,47.51
2026-08-07,519,메드파스,Medpace,MEDP,590.67,47,100,🔴 목표가 초과 (고평가 관망),1.15,false,false,16489999999.999998,162.15,573.33,20.1,7,581.83,Hold,13,34.63,,17.06,38.0,26.39,15.54,,,7.24,,7.24,1.77,334.21,77.23,19.59,32.27,18.304,1.65,12.35,15.54,448.22
2026-08-07,520,누타니크스,Nutanix,NTNX,62.67,17,85,🔴 목표가 초과 (고평가 관망),0.6,false,false,16940000000.000002,,12.48,4.69,6,58.98,Buy,17,65.6,,0.96,,53.6,-2.72,,,-4.15,,-4.15,5.41,11.64,,12.12,29.42,2.1302,2.43,16.27,,25.92
2026-08-07,521,뉴로크린바이오사이언시스,Neurocrine Biosciences,NBIX,163.41,79,100,🟢 강력 저평가,0.39,false,false,16610000000.0,22.09,20.56,11.7,6,213.13,Strong Buy,27,23.95,,6.82,4.49,19.81,36.35,,,-0.78,,-0.78,0.7,232.49,74.69,34.09,14.62,11.1772,0.43,34.87,36.39,391.2
2026-08-07,522,네우스,News,NWSA,28.52,31,100,🔴 목표가 초과 (고평가 관망),0.91,true,false,15420000000.0,7.98,8.19,4.66,6,35.54,Buy,8,27.7,,1.03,1.82,12.13,15.69,0.2,0.7,2.02,19.42,2.72,2.0,14.24,19.07,13.83,22.21,1.2841,1.61,11.11,15.67,16.53
2026-08-07,523,클린하보스,Clean Harbors,CLH,308.17,24,100,🔴 목표가 초과 (고평가 관망),0.86,false,false,16270000000.0,15.56,9.91,6.07,7,359.6,Buy,16,37.36,,8.25,5.56,15.9,55.47,,,1.41,,1.41,2.3,134.06,101.47,16.25,30.67,10.0479,1.89,14.84,55.43,161.38
2026-08-07,524,라마아드버티싱,Lamar Advertising,LAMR,160.93,57,65,🔵 Trailing만 검증됨 (Forward 데이터 없음),1.21,false,true,16340000000.0,59.43,11.89,6.6,6,162.0,Hold,6,29.39,19.49,5.48,16.64,19.75,9.67,6.65,4.13,1.05,119.62,5.02,,,34.53,,26.51,6.0705,,,9.67,
2026-08-07,525,브리지비파마,BridgeBio Pharma,BBIO,84.48,8,50,🔵 Trailing만 검증됨 (Forward 데이터 없음),0.98,true,false,16510000000.000002,,-142.3,-27.98,2,105.26,Strong Buy,22,,,-3.74,,,-11.64,,,-1.99,,-1.99,,,,,,,,,,
2026-08-07,526,타렌에너지,Talen Energy,TLN,347.71,15,65,🔴 실적 역성장/적자 (위험),1.67,true,false,16660000000.0,-12.82,1.23,0.92,4,467.06,Buy,17,,,-4.05,10.31,67.71,33.74,,,7.07,,7.07,,,,40.0,11.23,30.9626,0.28,56.41,33.73,869.27
2026-08-07,527,코유마이닝,Coeur Mining,CDE,17.39,35,65,🔵 Trailing만 검증됨 (Forward 데이터 없음),1.34,false,false,17880000000.0,12.85,8.76,7.21,6,23.41,Buy,11,15.61,,1.11,1.72,11.15,10.12,0.04,0.23,-53.29,1.8,-53.06,,,15.9,-18.53,10.0,1.739,,34.53,10.11,
2026-08-07,528,피나크르파이낸셜파트너스,Pinnacle Financial Partners,PNFP,104.68,18,50,🔵 Trailing만 검증됨 (Forward 데이터 없음),1.02,true,false,15740000000.0,7.65,,0.89,4,118.9,Buy,20,15.33,,6.83,1.12,175.33,93.39,2.0,1.91,-48.21,25.48,-46.3,,,119.8,-30.47,9.7,10.7918,,15.83,93.46,
2026-08-07,529,피티씨,PTC,PTC,147.71,37,100,🔴 목표가 초과 (고평가 관망),0.99,false,false,16030000000.000002,35.05,19.74,11.54,6,173.35,Buy,20,14.31,,10.32,4.71,13.82,31.34,,,1.95,,1.95,1.56,94.43,85.31,9.15,17.58,8.4022,1.92,7.2,31.36,93.37
2026-08-07,530,호스트호텔스안드리조츠,Host Hotels & Resorts,HST,23.29,16,100,🔴 극단적 고평가 (위험),1.12,false,true,16180000000.0,15.56,6.95,4.33,5,25.07,Buy,21,15.66,11.02,1.49,2.5,11.75,9.33,0.95,4.08,1.38,112.27,5.46,2.25,10.36,17.69,6.95,23.51,0.9906,3.38,1.49,9.32,9.32
2026-08-07,531,큐엑스오,QXO,QXO,16.16,4,65,🔴 실적 역성장/적자 (위험),2.3,true,false,16770000000.0,-6.77,-1.15,-0.73,3,29.82,Strong Buy,16,,,-0.92,1.26,136.28,12.81,,,-116.7,,-116.7,,,,-81.7,40.28,0.4012,,49.6,12.83,
2026-08-07,532,서크르인터네트그룹,Circle Internet Group,CRCL,66.67,36,60,🔵 Trailing만 검증됨 (Forward 데이터 없음),,false,false,16930000000.0,15.35,11.58,0.19,6,107.46,Buy,27,37.03,,1.8,4.8,47.42,13.88,,,-265.38,,-265.38,,,23.71,-255.91,49.41,1.3493,,9.47,13.89,
2026-08-07,533,코레브리지파이낸셜,Corebridge Financial,CRBG,33.68,84,100,🟢 강력 저평가,1.01,true,false,15010000000.0,7.14,5.95,0.31,6,38.17,Buy,14,18.74,,1.8,1.48,12.58,22.79,1.0,2.97,12.73,55.65,15.69,0.77,43.83,30.38,24.35,6.61,5.0953,0.27,14.35,22.76,84.2
2026-08-07,534,얼솔루션스,UL Solutions,ULS,78.21,20,100,🔴 목표가 초과 (고평가 관망),0.7,false,false,15790000000.0,38.71,26.75,12.33,7,97.32,Buy,13,31.51,,2.48,9.9,21.05,7.9,0.58,0.74,-0.74,23.37,-0.0,2.44,31.97,21.0,12.89,32.24,2.4259,2.5,12.89,7.9,39.09
2026-08-07,535,미다머이카아파트멘트코무니티스,Mid-America Apartment Communities,MAA,134.96,54,100,🟡 목표가 달성 (적정가),0.72,true,true,16050000000.0,7.05,5.15,3.13,4,143.12,Hold,26,39.45,16.36,3.42,2.88,17.54,46.84,6.12,4.54,0.16,178.91,4.7,0.99,119.7,60.04,39.7,40.22,3.3555,1.01,36.37,46.86,117.44
2026-08-07,536,렌수란스그룹오브아머이카,Reinsurance Group of America,RGA,246.33,81,100,🟢 강력 저평가,0.46,false,false,16090000000.0,11.69,9.41,0.94,5,263.11,Buy,10,10.85,,22.72,1.17,8.8,209.73,3.72,1.51,0.9,16.39,2.41,0.79,310.81,327.44,13.68,8.79,28.0239,0.64,11.27,210.54,368.22
2026-08-07,537,크완티너엄,Quantinuum,QNT,58.71,1,10,🔵 Trailing만 검증됨 (Forward 데이터 없음),,false,false,15340000000.0,,,,1,98.75,Strong Buy,13,,,-1.0,9.96,,0.09,,,,,,,,,,,,,,5.89,
2026-08-07,538,무러인더스트리스,Mueller Industries,MLI,68.85,29,100,🔴 목표가 초과 (고평가 관망),1.12,false,false,15230000000.0,26.33,37.02,16.49,4,77.5,Strong Buy,2,17.94,,3.84,4.29,12.34,16.04,0.7,1.02,1.84,16.93,2.85,2.36,29.22,37.23,7.61,16.28,4.2291,2.14,4.76,16.05,38.73
2026-08-07,539,이스,IES,IESC,762.71,40,65,🔵 Trailing만 검증됨 (Forward 데이터 없음),1.82,false,false,15200000000.0,44.52,41.01,16.47,4,,,,33.88,,22.51,12.36,27.03,61.7,,,0.13,,0.13,,,176.78,,31.83,23.962,,,61.71,
2026-08-07,540,비더블유엑스테크놀로지스,BWX Technologies,BWXT,169.9,20,100,🔴 목표가 초과 (고평가 관망),0.76,false,false,15570000000.0,28.29,10.78,5.53,5,235.16,Buy,16,44.02,,3.86,11.67,37.0,14.56,1.08,0.64,-0.11,27.98,0.52,3.12,54.54,35.56,14.13,33.91,5.0103,2.4,13.61,14.56,79.14
2026-08-07,541,스탄레블라크안드데커,Stanley Black & Decker,SWK,103.89,57,100,🟡 목표가 달성 (적정가),1.17,true,false,15690000000.0,6.89,6.5,3.8,8,96.91,Buy,15,25.42,,4.09,1.75,12.39,59.32,3.36,3.23,-0.05,82.21,3.18,1.38,75.34,73.88,18.42,17.94,5.791,0.97,15.24,59.37,97.75
2026-08-07,542,카리스르콤파니스,Carlisle Companies,CSL,387.49,90,100,🟢 저평가,0.84,false,false,15350000000.0,39.18,20.65,10.81,6,412.14,Buy,9,22.04,,17.39,9.51,14.47,40.73,4.4,1.14,7.56,25.3,8.69,1.05,366.06,126.24,21.05,17.05,22.7267,0.81,12.36,40.75,584.65
2026-08-07,543,린콜느일렉트릭,Lincoln Electric,LECO,281.96,48,100,🔴 목표가 초과 (고평가 관망),1.22,false,false,15370000000.0,37.74,23.65,12.98,7,298.8,Buy,11,28.2,,10.0,9.89,18.77,28.51,3.16,1.12,2.13,31.61,3.25,1.93,146.1,80.09,14.61,23.64,11.9272,1.62,11.36,28.51,217.32
2026-08-07,544,트랜스유니온,TransUnion,TRU,80.02,72,100,🟢 저평가,1.53,false,false,15330000000.0,15.63,7.63,4.94,5,96.24,Buy,22,21.16,,3.78,3.17,14.68,25.28,0.5,0.62,1.27,13.22,1.89,1.22,65.62,46.37,17.36,15.52,5.1559,0.89,15.47,25.24,87.65
2026-08-07,545,테크스트론,Textron,TXT,89.43,59,100,🟡 목표가 달성 (적정가),0.91,false,false,15380000000.0,12.13,9.58,4.55,6,101.89,Buy,17,16.84,,5.3,1.91,12.74,46.84,0.08,0.09,4.3,1.51,4.39,1.24,71.81,74.74,13.55,13.46,6.6441,0.99,9.16,46.82,86.8
2026-08-07,546,텐센트무시크엔터테인먼트그룹,Tencent Music Entertainment Group,TME,9.53,80,100,🟢 저평가,0.84,false,false,15000000000.0,11.95,14.05,6.33,7,15.37,Buy,29,11.56,,0.82,1.36,7.14,7.0,0.24,2.52,0.32,28.24,2.84,0.96,9.86,11.36,12.03,9.85,0.9675,0.82,9.19,7.01,11.52
2026-08-07,547,수노코,Sunoco,SUN,70.57,12,65,🔴 실적 역성장/적자 (위험),0.42,false,false,9660000000.0,18.66,7.48,5.5,6,82.57,Strong Buy,7,15.56,,4.53,1.41,8.38,49.97,4.01,5.68,-0.34,84.78,5.34,3.95,50.05,71.37,3.94,7.41,9.5236,1.88,-1.4,50.05,50.05
2026-08-07,548,레노크스인터내셔널,Lennox International,LII,439.77,49,100,🔴 목표가 초과 (고평가 관망),1.2,false,false,15200000000.0,71.76,26.35,15.99,5,511.15,Buy,17,19.53,,22.51,11.72,14.87,37.54,5.44,1.24,1.82,24.16,3.06,1.77,248.96,137.89,11.06,17.6,24.9869,1.59,8.0,37.52,345.44
2026-08-07,549,네크스트포어,Nextpower,NXT,103.26,37,45,🔵 Trailing만 검증됨 (Forward 데이터 없음),1.95,false,false,15670000000.0,27.22,44.04,11.69,5,142.52,Strong Buy,28,26.67,,3.87,6.12,19.7,16.86,,,-2.72,,,,,38.32,,21.52,4.7983,,14.8,16.87,
2026-08-07,550,마스코,Masco,MAS,77.51,79,100,🟡 적정가 형성,1.3,false,false,15220000000.0,5862.5,30.76,15.86,6,80.65,Buy,20,17.9,,4.33,,13.6,-1.85,1.28,1.65,4.66,29.56,6.31,1.15,67.46,,15.58,17.63,4.3965,1.13,9.27,,85.62
